Level I,Level II,Level III,Level IV,Level V,Level VI,Level VII,Level VIII,,,,,,,,,,,,,,,,,,
Role Profile,,,,,,,,,,,,,,,,,,,,,,,,,
,Development,,,,,,,,,,,,,,,,,,,,,,,,
,,Security,,,,,,,,,,,,,,,,,,,,,,,
,,Cloud,,,,,,,,,,,,,,,,,,,,,,,
,,,Cloud technologies,,,,,,,,,,,,,,,,,,,,,,
,,,,IaaS,,,,,,,,,,,,,,,,,,,,,
,,,,,Amazon Web Service (AWS),,,,,,,,,,,,,,,,,,,,
,,,,,Microsoft Azure,,,,,,,,,,,,,,,,,,,,
,,,,,Google Compute Engine (GCE),,,,,,,,,,,,,,,,,,,,
,,,,,OpenStack,,,,,,,,,,,,,,,,,,,,
,,,,PaaS,,,,,,,,,,,,,,,,,,,,,
,,,,,Force.com,,,,,,,,,,,,,,,,,,,,
,,,,,Apache Stratos,,,,,,,,,,,,,,,,,,,,
,,,,,Microsoft Azure,,,,,,,,,,,,,,,,,,,,
,,,,,Amazone BeansTalk,,,,,,,,,,,,,,,,,,,,
,,,,,Heroku,,,,,,,,,,,,,,,,,,,,
,,,,SaaS,,,,,,,,,,,,,,,,,,,,,
,,,,,Apprenda,,,,,,,,,,,,,,,,,,,,
,,,,,Google Apps,,,,,,,,,,,,,,,,,,,,
,,,,,Salesforce,,,,,,,,,,,,,,,,,,,,
,,,,,Cisco WebEx,,,,,,,,,,,,,,,,,,,,
,,,,,Citrix GoToMeeting,,,,,,,,,,,,,,,,,,,,
,,,Cloud Services,,,,,,,,,,,,,,,,,,,,,,
,,,,Data Service,,,,,,,,,,,,,,,,,,,,,
,,,,,SQL Database,,,,,,,,,,,,,,,,,,,,
,,,,,,Amazon Relational Database Service (RDS),,,,,,,,,,,,,,,,,,,
,,,,,,Azure SQL Database,,,,,,,,,,,,,,,,,,,
,,,,,,Google Cloud SQL,,,,,,,,,,,,,,,,,,,
,,,,,NoSQL Database,,,,,,,,,,,,,,,,,,,,
,,,,,,CouchDB,,,,,,,,,,,,,,,,,,,
,,,,,,Oracle NoSQL Database,,,,,,,,,,,,,,,,,,,
,,,,,,MongoDB,,,,,,,,,,,,,,,,,,,
,,,,,,Solr,,,,,,,,,,,,,,,,,,,
,,,,,,Amazon DynamoDB,,,,,,,,,,,,,,,,,,,
,,,,,,Microsoft Azure DocumentDB,,,,,,,,,,,,,,,,,,,
,,,,,Graph Database,,,,,,,,,,,,,,,,,,,,
,,,,,,MapGraph,,,,,,,,,,,,,,,,,,,
,,,,,,Neo4j,,,,,,,,,,,,,,,,,,,
,,,,,,IBM System G Native Store,,,,,,,,,,,,,,,,,,,
,,,,,,Oracle Spatial and Graph,,,,,,,,,,,,,,,,,,,
,,,,,,OrientDB,,,,,,,,,,,,,,,,,,,
,,,,,,VertexDB,,,,,,,,,,,,,,,,,,,
,,,,Message Queue / AMQP,,,,,,,,,,,,,,,,,,,,,
,,,,,RabbitMQ,,,,,,,,,,,,,,,,,,,,
,,,,,Amazon Simple Queue Service,,,,,,,,,,,,,,,,,,,,
,,,,,StormMQ,,,,,,,,,,,,,,,,,,,,
,,,,,IronMQ,,,,,,,,,,,,,,,,,,,,
,,,,CDN,,,,,,,,,,,,,,,,,,,,,
,,,,,Amazon CloudFront,,,,,,,,,,,,,,,,,,,,
,,,,,Azure CDN,,,,,,,,,,,,,,,,,,,,
,,,,,CloudFlare,,,,,,,,,,,,,,,,,,,,
,,,,Storage,,,,,,,,,,,,,,,,,,,,,
,,,,,Amazon Glacier,,,,,,,,,,,,,,,,,,,,
,,,,,Amazon Simple Storage Service (S3),,,,,,,,,,,,,,,,,,,,
,,,,,Amazon Elastic Block Store,,,,,,,,,,,,,,,,,,,,
,,,,,Azure Blob Storage Service,,,,,,,,,,,,,,,,,,,,
,,,,,Azure Table Storage Service,,,,,,,,,,,,,,,,,,,,
,,,,,Google Storage service,,,,,,,,,,,,,,,,,,,,
,,,,,DropBox,,,,,,,,,,,,,,,,,,,,
,,,,,OneDrive,,,,,,,,,,,,,,,,,,,,
,,,Data Analysis,,,,,,,,,,,,,,,,,,,,,,
,,,,Data Mining,,,,,,,,,,,,,,,,,,,,,
,,,,,SAS Enterprise Miner,,,,,,,,,,,,,,,,,,,,
,,,,,Microsoft Analysis Services,,,,,,,,,,,,,,,,,,,,
,,,,,IBM SPSS Modeler,,,,,,,,,,,,,,,,,,,,
,,,,,Oracle Data Mining,,,,,,,,,,,,,,,,,,,,
,,,,Business Intelligence,,,,,,,,,,,,,,,,,,,,,
,,,,,SAP,,,,,,,,,,,,,,,,,,,,
,,,,,Jaspersoft,,,,,,,,,,,,,,,,,,,,
,,,,Map Reduce,,,,,,,,,,,,,,,,,,,,,
,,,,,Couchdb,,,,,,,,,,,,,,,,,,,,
,,,,,MongoDB,,,,,,,,,,,,,,,,,,,,
,,,,,Infinispan,,,,,,,,,,,,,,,,,,,,
,,,,,Amazon Elastic MapReduce,,,,,,,,,,,,,,,,,,,,
,,,,,Apache Spark,,,,,,,,,,,,,,,,,,,,
,,,,,"Hadoop, Apache",,,,,,,,,,,,,,,,,,,,
,,,,,Apache Storm,,,,,,,,,,,,,,,,,,,,
,,,,OLAP,,,,,,,,,,,,,,,,,,,,,
,,,,,Microsoft Analysis Services,,,,,,,,,,,,,,,,,,,,
,,,,,SAS OLAP Server,,,,,,,,,,,,,,,,,,,,
,,,,,IBM Cognos,,,,,,,,,,,,,,,,,,,,
,,,,,Jedox OLAP Server,,,,,,,,,,,,,,,,,,,,
,,,,,,,,,,,,,,,,,,,,,,,,,
,,,WebServices,,,,,,,,,,,,,,,,,,,,,,
,,,,AWS,,,,,,,,,,,,,,,,,,,,,
,,,,,EC2,,,,,,,,,,,,,,,,,,,,
,,,,,S3,,,,,,,,,,,,,,,,,,,,
,,,,,SQ3,,,,,,,,,,,,,,,,,,,,
,,,,Heroku,,,,,,,,,,,,,,,,,,,,,
,,,,Google App Engine,,,,,,,,,,,,,,,,,,,,,
,,,,Microsoft Azure,,,,,,,,,,,,,,,,,,,,,
,,,Frameworks,,,,,,,,,,,,,,,,,,,,,,
,,,,Accumulo,,,,,,,,,,,,,,,,,,,,,
,,,,Bigtop,,,,,,,,,,,,,,,,,,,,,
,,,,Cassandra,,,,,,,,,,,,,,,,,,,,,
,,,,CouchDB,,,,,,,,,,,,,,,,,,,,,
,,,,Mahout,,,,,,,,,,,,,,,,,,,,,
,,,,Datameer,,,,,,,,,,,,,,,,,,,,,
,,,,Hbase,,,,,,,,,,,,,,,,,,,,,
,,,,HPCC,,,,,,,,,,,,,,,,,,,,,
,,,,Hybertable,,,,,,,,,,,,,,,,,,,,,
,,,,Mapreduce,,,,,,,,,,,,,,,,,,,,,
,,,,Nutch,,,,,,,,,,,,,,,,,,,,,
,,,,Hadoop,,,,,,,,,,,,,,,,,,,,,
,,,Hadoop,,,,,,,,,,,,,,,,,,,,,,
,,,,Hosting,,,,,,,,,,,,,,,,,,,,,
,,,,,HD Insight,,,,,,,,,,,,,,,,,,,,
,,,,,EC2,,,,,,,,,,,,,,,,,,,,
,,,,,S3,,,,,,,,,,,,,,,,,,,,
,,,,,EMR,,,,,,,,,,,,,,,,,,,,
,,,,Frameworks,,,,,,,,,,,,,,,,,,,,,
,,,,,Sqoop,,,,,,,,,,,,,,,,,,,,
,,,,,Avro,,,,,,,,,,,,,,,,,,,,
,,,,,Thrift,,,,,,,,,,,,,,,,,,,,
,,,,,Pig,,,,,,,,,,,,,,,,,,,,
,,,,,Hive,,,,,,,,,,,,,,,,,,,,
,,,,,Cloudera Impala,,,,,,,,,,,,,,,,,,,,
,,,,,Apache Drill,,,,,,,,,,,,,,,,,,,,
,,Web,,,,,,,,,,,,,,,,,,,,,,,
,,,Front-End,,,,,,,,,,,,,,,,,,,,,,
,,,,HTML/CSS frameworks,,,,,,,,,,,,,,,,,,,,,
,,,,,HTML5 Boilerplate,,,,,,,,,,,,,,,,,,,,
,,,,,HTML KickStart,,,,,,,,,,,,,,,,,,,,
,,,,,Montage HTML5 Framework,,,,,,,,,,,,,,,,,,,,
,,,,,Sproutcore,,,,,,,,,,,,,,,,,,,,
,,,,,DHTMLX,,,,,,,,,,,,,,,,,,,,
,,,,,YAML,,,,,,,,,,,,,,,,,,,,
,,,,,Kube,,,,,,,,,,,,,,,,,,,,
,,,,,Bootstrap,,,,,,,,,,,,,,,,,,,,
,,,,,Foundation,,,,,,,,,,,,,,,,,,,,
,,,,,Semantic UI,,,,,,,,,,,,,,,,,,,,
,,,,,Uikit,,,,,,,,,,,,,,,,,,,,
,,,,,Skeleton,,,,,,,,,,,,,,,,,,,,
,,,,,960 Grid System,,,,,,,,,,,,,,,,,,,,
,,,,,G5Framework,,,,,,,,,,,,,,,,,,,,
,,,,,Blueprint,,,,,,,,,,,,,,,,,,,,
,,,,,Metro UI CSS 2.0,,,,,,,,,,,,,,,,,,,,
,,,,,Toast,,,,,,,,,,,,,,,,,,,,
,,,,,Gumby,,,,,,,,,,,,,,,,,,,,
,,,,,Responsive,,,,,,,,,,,,,,,,,,,,
,,,,,Columnal,,,,,,,,,,,,,,,,,,,,
,,,,,Susy,,,,,,,,,,,,,,,,,,,,
,,,,,Other,,,,,,,,,,,,,,,,,,,,
,,,,CSS,,,,,,,,,,,,,,,,,,,,,
,,,,CSS3,,,,,,,,,,,,,,,,,,,,,
,,,,HTML,,,,,,,,,,,,,,,,,,,,,
,,,,HTML5,,,,,,,,,,,,,,,,,,,,,
,,,,Javascript,,,,,,,,,,,,,,,,,,,,,
,,,,,jQuery,,,,,,,,,,,,,,,,,,,,
,,,,,GWT,,,,,,,,,,,,,,,,,,,,
,,,,,ProcessingJS,,,,,,,,,,,,,,,,,,,,
,,,,,AngularJS,,,,,,,,,,,,,,,,,,,,
,,,,,AtomsJS,,,,,,,,,,,,,,,,,,,,
,,,,,Dojo,,,,,,,,,,,,,,,,,,,,
,,,,,ExtJS,,,,,,,,,,,,,,,,,,,,
,,,,,CreateJS,,,,,,,,,,,,,,,,,,,,
,,,,,KnockoutJS,,,,,,,,,,,,,,,,,,,,
,,,,,BackboneJS,,,,,,,,,,,,,,,,,,,,
,,,,,RequireJS,,,,,,,,,,,,,,,,,,,,
,,,,,Ember,,,,,,,,,,,,,,,,,,,,
,,,,,Sencha Touch,,,,,,,,,,,,,,,,,,,,
,,,,,jQuery UI,,,,,,,,,,,,,,,,,,,,
,,,,,jQuery Mobile,,,,,,,,,,,,,,,,,,,,
,,,,,PDF.js,,,,,,,,,,,,,,,,,,,,
,,,,,underscore,,,,,,,,,,,,,,,,,,,,
,,,,,Markdown,,,,,,,,,,,,,,,,,,,,
,,,,,Socket.io,,,,,,,,,,,,,,,,,,,,
,,,,,Google API,,,,,,,,,,,,,,,,,,,,
,,,,,Build systems,,,,,,,,,,,,,,,,,,,,
,,,,CoffeeScript,,,,,,,,,,,,,,,,,,,,,
,,,,Typescript,,,,,,,,,,,,,,,,,,,,,
,,,,LESS,,,,,,,,,,,,,,,,,,,,,
,,,,SASS,,,,,,,,,,,,,,,,,,,,,
,,,Multimedia Development,,,,,,,,,,,,,,,,,,,,,,
,,,,­-,,,,,,,,,,,,,,,,,,,,,
,,,,,Adobe Flash,,,,,,,,,,,,,,,,,,,,
,,,,,Adobe Flex,,,,,,,,,,,,,,,,,,,,
,,,,,ActionScript 2.0,,,,,,,,,,,,,,,,,,,,
,,,,,ActionScript 3.0,,,,,,,,,,,,,,,,,,,,
,,,,JavaScript,,,,,,,,,,,,,,,,,,,,,
,,,,,dz.js,,,,,,,,,,,,,,,,,,,,
,,,,,create.js,,,,,,,,,,,,,,,,,,,,
,,,Backend,,,,,,,,,,,,,,,,,,,,,,
,,,,PHP,,,,,,,,,,,,,,,,,,,,,
,,,,.NET,,,,,,,,,,,,,,,,,,,,,
,,,,,ASP.NET MVC,,,,,,,,,,,,,,,,,,,,
,,,,,Base One Foundation Component Library,,,,,,,,,,,,,,,,,,,,
,,,,,Component-based Scalable Logical Architecture,,,,,,,,,,,,,,,,,,,,
,,,,,MonoRail,,,,,,,,,,,,,,,,,,,,
,,,,,OpenRasta,,,,,,,,,,,,,,,,,,,,
,,,,,Nancy,,,,,,,,,,,,,,,,,,,,
,,,,JavaScript,,,,,,,,,,,,,,,,,,,,,
,,,,,node.js,,,,,,,,,,,,,,,,,,,,
,,,,Java,,,,,,,,,,,,,,,,,,,,,
,,,,,Apache Axis,,,,,,,,,,,,,,,,,,,,
,,,,,Apache Axis2,,,,,,,,,,,,,,,,,,,,
,,,,,Apache CXF,,,,,,,,,,,,,,,,,,,,
,,,,,GlassFish,,,,,,,,,,,,,,,,,,,,
,,,,,Apache Click,,,,,,,,,,,,,,,,,,,,
,,,,,Apache OFBiz,,,,,,,,,,,,,,,,,,,,
,,,,,Apache Shale,,,,,,,,,,,,,,,,,,,,
,,,,,Apache Sling,,,,,,,,,,,,,,,,,,,,
,,,,,Apache Struts 2,,,,,,,,,,,,,,,,,,,,
,,,,,Apache Tapestry,,,,,,,,,,,,,,,,,,,,
,,,,,Apache Wicket,,,,,,,,,,,,,,,,,,,,
,,,,,AppFuse,,,,,,,,,,,,,,,,,,,,
,,,,,Eclipse RAP,,,,,,,,,,,,,,,,,,,,
,,,,,FormEngine,,,,,,,,,,,,,,,,,,,,
,,,,,Grails,,,,,,,,,,,,,,,,,,,,
,,,,,Google Web Toolkit,,,,,,,,,,,,,,,,,,,,
,,,,,Hamlets,,,,,,,,,,,,,,,,,,,,
,,,,,ItsNat,,,,,,,,,,,,,,,,,,,,
,,,,,JavaServer Faces,,,,,,,,,,,,,,,,,,,,
,,,,,JBoss Seam,,,,,,,,,,,,,,,,,,,,
,,,,,Jspx-bay,,,,,,,,,,,,,,,,,,,,
,,,,,JVx,,,,,,,,,,,,,,,,,,,,
,,,,,OpenLaszlo,,,,,,,,,,,,,,,,,,,,
,,,,,OpenXava,,,,,,,,,,,,,,,,,,,,
,,,,,Oracle ADF,,,,,,,,,,,,,,,,,,,,
,,,,,Play!,,,,,,,,,,,,,,,,,,,,
,,,,,RIFE,,,,,,,,,,,,,,,,,,,,
,,,,,Spring,,,,,,,,,,,,,,,,,,,,
,,,,,Stripes,,,,,,,,,,,,,,,,,,,,
,,,,,ThinWire,,,,,,,,,,,,,,,,,,,,
,,,,,Vaadin,,,,,,,,,,,,,,,,,,,,
,,,,,Vraptor,,,,,,,,,,,,,,,,,,,,
,,,,,Wavemaker,,,,,,,,,,,,,,,,,,,,
,,,,,WebObjects,,,,,,,,,,,,,,,,,,,,
,,,,,WebWork,,,,,,,,,,,,,,,,,,,,
,,,,,Ze Framework,,,,,,,,,,,,,,,,,,,,
,,,,,ZK,,,,,,,,,,,,,,,,,,,,
,,,,,ztemplates,,,,,,,,,,,,,,,,,,,,
,,,,,JSF,,,,,,,,,,,,,,,,,,,,
,,,,,,Mojarra,,,,,,,,,,,,,,,,,,,
,,,,,,MyFaces,,,,,,,,,,,,,,,,,,,
,,,,,,Tomahawk,,,,,,,,,,,,,,,,,,,
,,,,,,IceFaces,,,,,,,,,,,,,,,,,,,
,,,,,,RichFaces,,,,,,,,,,,,,,,,,,,
,,,,,,PrimeFaces,,,,,,,,,,,,,,,,,,,
,,,,,GWT,,,,,,,,,,,,,,,,,,,,
,,,,,,SmartGWT,,,,,,,,,,,,,,,,,,,
,,,,,,Vaadin,,,,,,,,,,,,,,,,,,,
,,,,,,GXT,,,,,,,,,,,,,,,,,,,
,,,,,,Errai,,,,,,,,,,,,,,,,,,,
,,,,,Apache Struts 2,,,,,,,,,,,,,,,,,,,,
,,,,,Apache Struts 1,,,,,,,,,,,,,,,,,,,,
,,,,Perl,,,,,,,,,,,,,,,,,,,,,
,,,,,Catalyst,,,,,,,,,,,,,,,,,,,,
,,,,,Dancer,,,,,,,,,,,,,,,,,,,,
,,,,,Mason,,,,,,,,,,,,,,,,,,,,
,,,,,Maypole,,,,,,,,,,,,,,,,,,,,
,,,,,Mojolicious,,,,,,,,,,,,,,,,,,,,
,,,,Ruby,,,,,,,,,,,,,,,,,,,,,
,,,,,Camping,,,,,,,,,,,,,,,,,,,,
,,,,,Padrino,,,,,,,,,,,,,,,,,,,,
,,,,,Ruby on Rails,,,,,,,,,,,,,,,,,,,,
,,,,,Ramaze,,,,,,,,,,,,,,,,,,,,
,,,,,Sinatra,,,,,,,,,,,,,,,,,,,,
,,,,,Merb,,,,,,,,,,,,,,,,,,,,
,,,,,PureMVC,,,,,,,,,,,,,,,,,,,,
,,,,Pythone,,,,,,,,,,,,,,,,,,,,,
,,,,,Pyramid,,,,,,,,,,,,,,,,,,,,
,,,,,BlueBream,,,,,,,,,,,,,,,,,,,,
,,,,,CherryPy,,,,,,,,,,,,,,,,,,,,
,,,,,CubicWeb,,,,,,,,,,,,,,,,,,,,
,,,,,Django,,,,,,,,,,,,,,,,,,,,
,,,,,Flask,,,,,,,,,,,,,,,,,,,,
,,,,,Grok,,,,,,,,,,,,,,,,,,,,
,,,,,Nagare,,,,,,,,,,,,,,,,,,,,
,,,,,Pyjamas,,,,,,,,,,,,,,,,,,,,
,,,,,Pylons,,,,,,,,,,,,,,,,,,,,
,,,,,Pyramid,,,,,,,,,,,,,,,,,,,,
,,,,,TACTIC,,,,,,,,,,,,,,,,,,,,
,,,,,Tornado,,,,,,,,,,,,,,,,,,,,
,,,,,TurboGears,,,,,,,,,,,,,,,,,,,,
,,,,,web2py,,,,,,,,,,,,,,,,,,,,
,,,,,Webware,,,,,,,,,,,,,,,,,,,,
,,,,,Zope 2,,,,,,,,,,,,,,,,,,,,
,,,,Scala,,,,,,,,,,,,,,,,,,,,,
,,,,,Play!,,,,,,,,,,,,,,,,,,,,
,,,,,Lift,,,,,,,,,,,,,,,,,,,,
,,,,,Scalatra,,,,,,,,,,,,,,,,,,,,
,,,,ColdFusion,,,,,,,,,,,,,,,,,,,,,
,,,,,CFWheels,,,,,,,,,,,,,,,,,,,,
,,,,,ColdBox Platform,,,,,,,,,,,,,,,,,,,,
,,,,,ColdSpring,,,,,,,,,,,,,,,,,,,,
,,,,,Fusebox,,,,,,,,,,,,,,,,,,,,
,,,,,FW/1,,,,,,,,,,,,,,,,,,,,
,,,,,Mach-II,,,,,,,,,,,,,,,,,,,,
,,,,,Model-Glue,,,,,,,,,,,,,,,,,,,,
,,,,Haskell,,,,,,,,,,,,,,,,,,,,,
,,,,,Happstack,,,,,,,,,,,,,,,,,,,,
,,,,,Snapp,,,,,,,,,,,,,,,,,,,,
,,,,,Yesod,,,,,,,,,,,,,,,,,,,,
,,,CMS,,,,,,,,,,,,,,,,,,,,,,
,,,,PHP (CMS),,,,,,,,,,,,,,,,,,,,,
,,,,,Wordpress,,,,,,,,,,,,,,,,,,,,
,,,,,AdaptCMS,,,,,,,,,,,,,,,,,,,,
,,,,,Atutor,,,,,,,,,,,,,,,,,,,,
,,,,,b2evolution,,,,,,,,,,,,,,,,,,,,
,,,,,Bedita,,,,,,,,,,,,,,,,,,,,
,,,,,Chevereto,,,,,,,,,,,,,,,,,,,,
,,,,,CMSimple,,,,,,,,,,,,,,,,,,,,
,,,,,concrete5,,,,,,,,,,,,,,,,,,,,
,,,,,Contao,,,,,,,,,,,,,,,,,,,,
,,,,,Cotonti,,,,,,,,,,,,,,,,,,,,
,,,,,Directus,,,,,,,,,,,,,,,,,,,,
,,,,,Dokuwiki,,,,,,,,,,,,,,,,,,,,
,,,,,Dotclear,,,,,,,,,,,,,,,,,,,,
,,,,,Drupal,,,,,,,,,,,,,,,,,,,,
,,,,,DynPG,,,,,,,,,,,,,,,,,,,,
,,,,,Exponent CMS,,,,,,,,,,,,,,,,,,,,
,,,,,eZ Publish,,,,,,,,,,,,,,,,,,,,
,,,,,Geeklog,,,,,,,,,,,,,,,,,,,,
,,,,,GetSimple CMS,,,,,,,,,,,,,,,,,,,,
,,,,,Habari,,,,,,,,,,,,,,,,,,,,
,,,,,ImpressCMS,,,,,,,,,,,,,,,,,,,,
,,,,,ImpressPages,,,,,,,,,,,,,,,,,,,,
,,,,,Jamroom,,,,,,,,,,,,,,,,,,,,
,,,,,Joomla!,,,,,,,,,,,,,,,,,,,,
,,,,,Kajona,,,,,,,,,,,,,,,,,,,,
,,,,,Magento,,,,,,,,,,,,,,,,,,,,
,,,,,Mambo,,,,,,,,,,,,,,,,,,,,
,,,,,MediaWiki,,,,,,,,,,,,,,,,,,,,
,,,,,MiaCMS,,,,,,,,,,,,,,,,,,,,
,,,,,Midgard CMS,,,,,,,,,,,,,,,,,,,,
,,,,,MODX,,,,,,,,,,,,,,,,,,,,
,,,,,Moodle,,,,,,,,,,,,,,,,,,,,
,,,,,Novius OS,,,,,,,,,,,,,,,,,,,,
,,,,,Nucleus CMS,,,,,,,,,,,,,,,,,,,,
,,,,,Ocportal,,,,,,,,,,,,,,,,,,,,
,,,,,Opencart,,,,,,,,,,,,,,,,,,,,
,,,,,papaya CMS,,,,,,,,,,,,,,,,,,,,
,,,,,Phire CMS,,,,,,,,,,,,,,,,,,,,
,,,,,PHP-Fusion,,,,,,,,,,,,,,,,,,,,
,,,,,PHP-Nuke,,,,,,,,,,,,,,,,,,,,
,,,,,phpWebLog,,,,,,,,,,,,,,,,,,,,
,,,,,phpWebSite,,,,,,,,,,,,,,,,,,,,
,,,,,phpWiki,,,,,,,,,,,,,,,,,,,,
,,,,,Pico,,,,,,,,,,,,,,,,,,,,
,,,,,pimcore,,,,,,,,,,,,,,,,,,,,
,,,,,PivotX,,,,,,,,,,,,,,,,,,,,
,,,,,PixieCMS,,,,,,,,,,,,,,,,,,,,
,,,,,Prestashop,,,,,,,,,,,,,,,,,,,,
,,,,,ProcessWire,,,,,,,,,,,,,,,,,,,,
,,,,,RavenNuke CMS,,,,,,,,,,,,,,,,,,,,
,,,,,SMW+,,,,,,,,,,,,,,,,,,,,
,,,,,Serendipity,,,,,,,,,,,,,,,,,,,,
,,,,,SilverStripe,,,,,,,,,,,,,,,,,,,,
,,,,,SPIP,,,,,,,,,,,,,,,,,,,,
,,,,,TangoCMS,,,,,,,,,,,,,,,,,,,,
,,,,,Textpattern,,,,,,,,,,,,,,,,,,,,
,,,,,Tiki Wiki CMS Groupware,,,,,,,,,,,,,,,,,,,,
,,,,,Tribiq CMS,,,,,,,,,,,,,,,,,,,,
,,,,,TYPO3,,,,,,,,,,,,,,,,,,,,
,,,,,u5cms,,,,,,,,,,,,,,,,,,,,
,,,,,Wolf CMS,,,,,,,,,,,,,,,,,,,,
,,,,,Xaraya,,,,,,,,,,,,,,,,,,,,
,,,,,XOOPS,,,,,,,,,,,,,,,,,,,,
,,,,,Zikula,,,,,,,,,,,,,,,,,,,,
,,,,Python (CMS),,,,,,,,,,,,,,,,,,,,,
,,,,,Django-cms,,,,,,,,,,,,,,,,,,,,
,,,,,MoinMoin,,,,,,,,,,,,,,,,,,,,
,,,,,Plone,,,,,,,,,,,,,,,,,,,,
,,,,Ruby on Rails (CMS),,,,,,,,,,,,,,,,,,,,,
,,,,,BrowserCMS,,,,,,,,,,,,,,,,,,,,
,,,,,Flagship Docs,,,,,,,,,,,,,,,,,,,,
,,,,,Radiant,,,,,,,,,,,,,,,,,,,,
,,,,,Refinery CMS,,,,,,,,,,,,,,,,,,,,
,,,,,Typo,,,,,,,,,,,,,,,,,,,,
,,,,CFML (CMS),,,,,,,,,,,,,,,,,,,,,
,,,,,Mura CMS,,,,,,,,,,,,,,,,,,,,
,,,,,FarCry CMS,,,,,,,,,,,,,,,,,,,,
,,,,Perl (CMS),,,,,,,,,,,,,,,,,,,,,
,,,,,blosxom,,,,,,,,,,,,,,,,,,,,
,,,,,Bricolage,,,,,,,,,,,,,,,,,,,,
,,,,,Cyclone3,,,,,,,,,,,,,,,,,,,,
,,,,,Eprints,,,,,,,,,,,,,,,,,,,,
,,,,,Foswiki,,,,,,,,,,,,,,,,,,,,
,,,,,Ikiwiki,,,,,,,,,,,,,,,,,,,,
,,,,,Movable Type Open Source,,,,,,,,,,,,,,,,,,,,
,,,,,Twiki,,,,,,,,,,,,,,,,,,,,
,,,,,WebGUI,,,,,,,,,,,,,,,,,,,,
,,,,ASP.NET (CMS),,,,,,,,,,,,,,,,,,,,,
,,,,,Composite C1,,,,,,,,,,,,,,,,,,,,
,,,,,DotNetNuke,,,,,,,,,,,,,,,,,,,,
,,,,,mojoPortal,,,,,,,,,,,,,,,,,,,,
,,,,,Orchard Project,,,,,,,,,,,,,,,,,,,,
,,,,,Umbraco,,,,,,,,,,,,,,,,,,,,
,,,,,EpiServer,,,,,,,,,,,,,,,,,,,,
,,,,,Kentico,,,,,,,,,,,,,,,,,,,,
,,,,,Kooboo CMS,,,,,,,,,,,,,,,,,,,,
,,,,,Yendo,,,,,,,,,,,,,,,,,,,,
,,,,,Sitefinity,,,,,,,,,,,,,,,,,,,,
,,,,,Other,,,,,,,,,,,,,,,,,,,,
,,,,Java (CMS),,,,,,,,,,,,,,,,,,,,,
,,,,,Apache Roller,,,,,,,,,,,,,,,,,,,,
,,,,,OpenCms,,,,,,,,,,,,,,,,,,,,
,,,,,Ametys CMS,,,,,,,,,,,,,,,,,,,,
,,,,,Liferay,,,,,,,,,,,,,,,,,,,,
,,,,,eXo Platform,,,,,,,,,,,,,,,,,,,,
,,,,,Dspace,,,,,,,,,,,,,,,,,,,,
,,,,,Enonic,,,,,,,,,,,,,,,,,,,,
,,,,,Fedora Commons,,,,,,,,,,,,,,,,,,,,
,,,,,Dotcms,,,,,,,,,,,,,,,,,,,,
,,,,,LogicalDOC,,,,,,,,,,,,,,,,,,,,
,,,,,Nuxeo EP,,,,,,,,,,,,,,,,,,,,
,,,,,Alfresco Community Edition,,,,,,,,,,,,,,,,,,,,
,,,,,Magnolia,,,,,,,,,,,,,,,,,,,,
,,,,,Hippo CMS,,,,,,,,,,,,,,,,,,,,
,,,,,VosaoCMS,,,,,,,,,,,,,,,,,,,,
,,,,,Yanel,,,,,,,,,,,,,,,,,,,,
,,,,,OpenWGA,,,,,,,,,,,,,,,,,,,,
,,,,,Jahia Community Distribution,,,,,,,,,,,,,,,,,,,,
,,,,,OpenKM,,,,,,,,,,,,,,,,,,,,
,,,,,Thingamablog,,,,,,,,,,,,,,,,,,,,
,,,RIA,,,,,,,,,,,,,,,,,,,,,,
,,,,.NET (RIA),,,,,,,,,,,,,,,,,,,,,
,,,,,Silverlight,,,,,,,,,,,,,,,,,,,,
,,,,Java (RIA),,,,,,,,,,,,,,,,,,,,,
,,,,,JavaFX,,,,,,,,,,,,,,,,,,,,
,,,,,Java applet,,,,,,,,,,,,,,,,,,,,
,,,,Action script (RIA),,,,,,,,,,,,,,,,,,,,,
,,,,,Adobe Flash,,,,,,,,,,,,,,,,,,,,
,,,,,Apache Flex,,,,,,,,,,,,,,,,,,,,
,,,Common Practicies,,,,,,,,,,,,,,,,,,,,,,
,,,,­-,,,,,,,,,,,,,,,,,,,,,
,,,,,XML Schema,,,,,,,,,,,,,,,,,,,,
,,,,,XSLT,,,,,,,,,,,,,,,,,,,,
,,,,,Xpath,,,,,,,,,,,,,,,,,,,,
,,Application development(desktop+mobile),,,,,,,,,,,,,,,,,,,,,,,
,,,Java,,,,,,,,,,,,,,,,,,,,,,
,,,,Android,,,,,,,,,,,,,,,,,,,,,
,,,,,SDK,,,,,,,,,,,,,,,,,,,,
,,,,,NDK,,,,,,,,,,,,,,,,,,,,
,,,,,Communications,,,,,,,,,,,,,,,,,,,,
,,,,Java SE,,,,,,,,,,,,,,,,,,,,,
,,,,,Swing,,,,,,,,,,,,,,,,,,,,
,,,,,AWT,,,,,,,,,,,,,,,,,,,,
,,,,,Java2D,,,,,,,,,,,,,,,,,,,,
,,,,,CORBA,,,,,,,,,,,,,,,,,,,,
,,,,NetBeans,,,,,,,,,,,,,,,,,,,,,
,,,,Java EE,,,,,,,,,,,,,,,,,,,,,
,,,,,Servlet,,,,,,,,,,,,,,,,,,,,
,,,,,Websocket,,,,,,,,,,,,,,,,,,,,
,,,,,Faces,,,,,,,,,,,,,,,,,,,,
,,,,,CDI,,,,,,,,,,,,,,,,,,,,
,,,,,EJB,,,,,,,,,,,,,,,,,,,,
,,,,,JPA,,,,,,,,,,,,,,,,,,,,
,,,,,JTA,,,,,,,,,,,,,,,,,,,,
,,,,,JASPIC,,,,,,,,,,,,,,,,,,,,
,,,,,Concurrent,,,,,,,,,,,,,,,,,,,,
,,,,,JMS,,,,,,,,,,,,,,,,,,,,
,,,,,Batch,,,,,,,,,,,,,,,,,,,,
,,,,,JCA,,,,,,,,,,,,,,,,,,,,
,,,,,JPA,,,,,,,,,,,,,,,,,,,,
,,,,,JSP,,,,,,,,,,,,,,,,,,,,
,,,,,JSTL,,,,,,,,,,,,,,,,,,,,
,,,,,JSF,,,,,,,,,,,,,,,,,,,,
,,,,,JNDI,,,,,,,,,,,,,,,,,,,,
,,,,,JAAS,,,,,,,,,,,,,,,,,,,,
,,,,,JavaMail,,,,,,,,,,,,,,,,,,,,
,,,,,JACC,,,,,,,,,,,,,,,,,,,,
,,,,,JAF,,,,,,,,,,,,,,,,,,,,
,,,,,JAX-WS,,,,,,,,,,,,,,,,,,,,
,,,,,StAX,,,,,,,,,,,,,,,,,,,,
,,,,App servers,,,,,,,,,,,,,,,,,,,,,
,,,,,Glassfish,,,,,,,,,,,,,,,,,,,,
,,,,,Jboss,,,,,,,,,,,,,,,,,,,,
,,,,,WebLogic,,,,,,,,,,,,,,,,,,,,
,,,,,WebSphere,,,,,,,,,,,,,,,,,,,,
,,,,,Tomcat,,,,,,,,,,,,,,,,,,,,
,,,,,Jetty,,,,,,,,,,,,,,,,,,,,
,,,,,Apache TomEE,,,,,,,,,,,,,,,,,,,,
,,,,,WildFly,,,,,,,,,,,,,,,,,,,,
,,,,,Apache Geronimo,,,,,,,,,,,,,,,,,,,,
,,,,,Enhydra Enterprise,,,,,,,,,,,,,,,,,,,,
,,,,,JOnAS,,,,,,,,,,,,,,,,,,,,
,,,,,Resin,,,,,,,,,,,,,,,,,,,,
,,,,,Apache OpenEJB,,,,,,,,,,,,,,,,,,,,
,,,C++,,,,,,,,,,,,,,,,,,,,,,
,,,,Windows,,,,,,,,,,,,,,,,,,,,,
,,,,,MFC,,,,,,,,,,,,,,,,,,,,
,,,,,VCL,,,,,,,,,,,,,,,,,,,,
,,,,,GDI+,,,,,,,,,,,,,,,,,,,,
,,,,,COM,,,,,,,,,,,,,,,,,,,,
,,,,,WinAPI,,,,,,,,,,,,,,,,,,,,
,,,,,ATL,,,,,,,,,,,,,,,,,,,,
,,,,,ActiveX,,,,,,,,,,,,,,,,,,,,
,,,,,Sharepoint,,,,,,,,,,,,,,,,,,,,
,,,,Linux,,,,,,,,,,,,,,,,,,,,,
,,,,Frameworks/,,,,,,,,,,,,,,,,,,,,,
,,,,,C++ Builder,,,,,,,,,,,,,,,,,,,,
,,,,,Qt,,,,,,,,,,,,,,,,,,,,
,,,,Libraries,,,,,,,,,,,,,,,,,,,,,
,,,,,Boost,,,,,,,,,,,,,,,,,,,,
,,,,,STL,,,,,,,,,,,,,,,,,,,,
,,,,,KDE,,,,,,,,,,,,,,,,,,,,
,,,,Compilers,,,,,,,,,,,,,,,,,,,,,
,,,,,GCC,,,,,,,,,,,,,,,,,,,,
,,,,,Microsoft Visual C++,,,,,,,,,,,,,,,,,,,,
,,,,,Clang,,,,,,,,,,,,,,,,,,,,
,,,,,Intel C++ Compiler,,,,,,,,,,,,,,,,,,,,
,,,.NET,,,,,,,,,,,,,,,,,,,,,,
,,,,Presentation,,,,,,,,,,,,,,,,,,,,,
,,,,,Windows Forms,,,,,,,,,,,,,,,,,,,,
,,,,,WPF,,,,,,,,,,,,,,,,,,,,
,,,,,GDI+,,,,,,,,,,,,,,,,,,,,
,,,,Communication,,,,,,,,,,,,,,,,,,,,,
,,,,,WCF,,,,,,,,,,,,,,,,,,,,
,,,,,Sockets,,,,,,,,,,,,,,,,,,,,
,,,,Languages,,,,,,,,,,,,,,,,,,,,,
,,,,,C#,,,,,,,,,,,,,,,,,,,,
,,,,,VB,,,,,,,,,,,,,,,,,,,,
,,,,,F#,,,,,,,,,,,,,,,,,,,,
,,,,,C++,,,,,,,,,,,,,,,,,,,,
,,,Objective-C,,,,,,,,,,,,,,,,,,,,,,
,,,,iOS,,,,,,,,,,,,,,,,,,,,,
,,,,,GCD,,,,,,,,,,,,,,,,,,,,
,,,,,Open GL ES,,,,,,,,,,,,,,,,,,,,
,,,,,Foundation,,,,,,,,,,,,,,,,,,,,
,,,,,AVFoundation,,,,,,,,,,,,,,,,,,,,
,,,,,CoreData,,,,,,,,,,,,,,,,,,,,
,,,,,CoreGraphics,,,,,,,,,,,,,,,,,,,,
,,,,,CoreMotion,,,,,,,,,,,,,,,,,,,,
,,,,,UIKit,,,,,,,,,,,,,,,,,,,,
,,,,,QuartzCore,,,,,,,,,,,,,,,,,,,,
,,Embedded,,,,,,,,,,,,,,,,,,,,,,,
,,,Language,,,,,,,,,,,,,,,,,,,,,,
,,,,C,,,,,,,,,,,,,,,,,,,,,
,,,,C++,,,,,,,,,,,,,,,,,,,,,
,,,,,STL,,,,,,,,,,,,,,,,,,,,
,,,,,GTK+,,,,,,,,,,,,,,,,,,,,
,,,,,Qt,,,,,,,,,,,,,,,,,,,,
,,,,Java,,,,,,,,,,,,,,,,,,,,,
,,,,Scripting,,,,,,,,,,,,,,,,,,,,,
,,,,,Shell,,,,,,,,,,,,,,,,,,,,
,,,,,Bash,,,,,,,,,,,,,,,,,,,,
,,,,,Python,,,,,,,,,,,,,,,,,,,,
,,,,,Perl,,,,,,,,,,,,,,,,,,,,
,,,Target OS,,,,,,,,,,,,,,,,,,,,,,
,,,,Windows,,,,,,,,,,,,,,,,,,,,,
,,,,Linux,,,,,,,,,,,,,,,,,,,,,
,,,,Android,,,,,,,,,,,,,,,,,,,,,
,,,,No_OS,,,,,,,,,,,,,,,,,,,,,
,,,,RTOS,,,,,,,,,,,,,,,,,,,,,
,,,,,MQX,,,,,,,,,,,,,,,,,,,,
,,,,,VxWorks,,,,,,,,,,,,,,,,,,,,
,,,,,QNX,,,,,,,,,,,,,,,,,,,,
,,,,,FreeRTOS,,,,,,,,,,,,,,,,,,,,
,,,,,ThreadX,,,,,,,,,,,,,,,,,,,,
,,,Platforms,,,,,,,,,,,,,,,,,,,,,,
,,,,ARM,,,,,,,,,,,,,,,,,,,,,
,,,,MIPS,,,,,,,,,,,,,,,,,,,,,
,,,,AVR,,,,,,,,,,,,,,,,,,,,,
,,,,x86,,,,,,,,,,,,,,,,,,,,,
,,,Technologies,,,,,,,,,,,,,,,,,,,,,,
,,,,Multimedia,,,,,,,,,,,,,,,,,,,,,
,,,,,Audio,,,,,,,,,,,,,,,,,,,,
,,,,,,OSS,,,,,,,,,,,,,,,,,,,
,,,,,,ALSA,,,,,,,,,,,,,,,,,,,
,,,,,,H264,,,,,,,,,,,,,,,,,,,
,,,,,,AC3,,,,,,,,,,,,,,,,,,,
,,,,,Video,,,,,,,,,,,,,,,,,,,,
,,,,,,FB,,,,,,,,,,,,,,,,,,,
,,,,,,V4L2,,,,,,,,,,,,,,,,,,,
,,,,,,H264,,,,,,,,,,,,,,,,,,,
,,,,,,AC3,,,,,,,,,,,,,,,,,,,
,,,,Networking,,,,,,,,,,,,,,,,,,,,,
,,,,,WiFi,,,,,,,,,,,,,,,,,,,,
,,,,,Ethernet,,,,,,,,,,,,,,,,,,,,
,,,,,Bluetooth,,,,,,,,,,,,,,,,,,,,
,,,,,TCP/IP,,,,,,,,,,,,,,,,,,,,
,,,,,,L2,,,,,,,,,,,,,,,,,,,
,,,,,,L3,,,,,,,,,,,,,,,,,,,
,,,,,,Sockets,,,,,,,,,,,,,,,,,,,
,,,,,,IPSec,,,,,,,,,,,,,,,,,,,
,,,,Device Drivers,,,,,,,,,,,,,,,,,,,,,
,,,,,Bus Drivers,,,,,,,,,,,,,,,,,,,,
,,,,,,USB,,,,,,,,,,,,,,,,,,,
,,,,,,PCI,,,,,,,,,,,,,,,,,,,
,,,,,,I2C,,,,,,,,,,,,,,,,,,,
,,,,,,SPI,,,,,,,,,,,,,,,,,,,
,,,,,,CAN,,,,,,,,,,,,,,,,,,,
,,,,,,CEC,,,,,,,,,,,,,,,,,,,
,,,,,,TTY,,,,,,,,,,,,,,,,,,,
,,,,,Network Drivers,,,,,,,,,,,,,,,,,,,,
,,,,,,WiFi,,,,,,,,,,,,,,,,,,,
,,,,,,Ethernet,,,,,,,,,,,,,,,,,,,
,,,,,,Bluetooth,,,,,,,,,,,,,,,,,,,
,,,,,,DHCP,,,,,,,,,,,,,,,,,,,
,,,,,,BLE,,,,,,,,,,,,,,,,,,,
,,,,,Storage Drivers,,,,,,,,,,,,,,,,,,,,
,,,,,,HDD,,,,,,,,,,,,,,,,,,,
,,,,,,Flash Memory Drivers,,,,,,,,,,,,,,,,,,,
,,,,,,,NOR,,,,,,,,,,,,,,,,,,
,,,,,,,NAND,,,,,,,,,,,,,,,,,,
,,,,,File System Drivers,,,,,,,,,,,,,,,,,,,,
,,,,,,EXT3,,,,,,,,,,,,,,,,,,,
,,,,,,EXT4,,,,,,,,,,,,,,,,,,,
,,,,,,cramfs,,,,,,,,,,,,,,,,,,,
,,,,,,squashfs,,,,,,,,,,,,,,,,,,,
,,,,,,FAT,,,,,,,,,,,,,,,,,,,
,,,,,,FAT32,,,,,,,,,,,,,,,,,,,
,,,,,Multimedia Drivers,,,,,,,,,,,,,,,,,,,,
,,,,,,HDMI,,,,,,,,,,,,,,,,,,,
,,,,,,HDCP,,,,,,,,,,,,,,,,,,,
,,,,,,FB (Framebuffer),,,,,,,,,,,,,,,,,,,
,,,,Cryptography,,,,,,,,,,,,,,,,,,,,,
,,,,,OpenSSL,,,,,,,,,,,,,,,,,,,,
,,,,,Mocana,,,,,,,,,,,,,,,,,,,,
,,,,,DRM,,,,,,,,,,,,,,,,,,,,
,,,,,,PlayReady,,,,,,,,,,,,,,,,,,,
,,,,,,WideVine,,,,,,,,,,,,,,,,,,,
,,,,,,OpenDRM,,,,,,,,,,,,,,,,,,,
,,Unit Testing,,,,,,,,,,,,,,,,,,,,,,,
,,,C++,,,,,,,,,,,,,,,,,,,,,,
,,,,Boost Test Library,,,,,,,,,,,,,,,,,,,,,
,,,,CppUnit,,,,,,,,,,,,,,,,,,,,,
,,,,Google Test,,,,,,,,,,,,,,,,,,,,,
,,,,QtTest,,,,,,,,,,,,,,,,,,,,,
,,,,Other,,,,,,,,,,,,,,,,,,,,,
,,,.Net,,,,,,,,,,,,,,,,,,,,,,
,,,,NCover,,,,,,,,,,,,,,,,,,,,,
,,,,nUnit,,,,,,,,,,,,,,,,,,,,,
,,,,Other,,,,,,,,,,,,,,,,,,,,,
,,Logging,,,,,,,,,,,,,,,,,,,,,,,
,,,Java Script,,,,,,,,,,,,,,,,,,,,,,
,,,,Intel,,,,,,,,,,,,,,,,,,,,,
,,,,Winston,,,,,,,,,,,,,,,,,,,,,
,,,,Other,,,,,,,,,,,,,,,,,,,,,
,,,C++,,,,,,,,,,,,,,,,,,,,,,
,,,,log4cpp,,,,,,,,,,,,,,,,,,,,,
,,,,Apache log4cxx,,,,,,,,,,,,,,,,,,,,,
,,,,Log4Qt,,,,,,,,,,,,,,,,,,,,,
,,,,Other,,,,,,,,,,,,,,,,,,,,,
,,,.Net,,,,,,,,,,,,,,,,,,,,,,
,,,,log4net,,,,,,,,,,,,,,,,,,,,,
,,,Java,,,,,,,,,,,,,,,,,,,,,,
,,,,Log4J,,,,,,,,,,,,,,,,,,,,,
,,,,SLF4J,,,,,,,,,,,,,,,,,,,,,
,,,,Logback,,,,,,,,,,,,,,,,,,,,,
,,,,Apache Commons Logging,,,,,,,,,,,,,,,,,,,,,
,,,,tinnylog,,,,,,,,,,,,,,,,,,,,,
,,,,Java Logging API,,,,,,,,,,,,,,,,,,,,,
,,,,,,,,,,,,,,,,,,,,,,,,,
,QA,,,,,,,,,,,,,,,,,,,,,,,,
,,Software Test Automation,,,,,,,,,,,,,,,,,,,,,,,
,,,Functional Testing,,,,,,,,,,,,,,,,,,,,,,
,,,,Desktop,,,,,,,,,,,,,,,,,,,,,
,,,,,MS Windows,,,,,,,,,,,,,,,,,,,,
,,,,,,.NET,,,,,,,,,,,,,,,,,,,
,,,,,,Java,,,,,,,,,,,,,,,,,,,
,,,,,,Test Complete,,,,,,,,,,,,,,,,,,,
,,,,,,HP Solutions,,,,,,,,,,,,,,,,,,,
,,,,,,Rational Solutions,,,,,,,,,,,,,,,,,,,
,,,,,,Other [Specify],,,,,,,,,,,,,,,,,,,
,,,,,Mac OS,,,,,,,,,,,,,,,,,,,,
,,,,,,Other [Specify],,,,,,,,,,,,,,,,,,,
,,,,,*nix,,,,,,,,,,,,,,,,,,,,
,,,,,,Other [Specify],,,,,,,,,,,,,,,,,,,
,,,,Web,,,,,,,,,,,,,,,,,,,,,
,,,,,Web Applications,,,,,,,,,,,,,,,,,,,,
,,,,,,.NET,,,,,,,,,,,,,,,,,,,
,,,,,,Java,,,,,,,,,,,,,,,,,,,
,,,,,,Selenium,,,,,,,,,,,,,,,,,,,
,,,,,,Test Complete,,,,,,,,,,,,,,,,,,,
,,,,,,HP Solutions,,,,,,,,,,,,,,,,,,,
,,,,,,Rational Solutions,,,,,,,,,,,,,,,,,,,
,,,,,,JMeter,,,,,,,,,,,,,,,,,,,
,,,,,,Other [Specify],,,,,,,,,,,,,,,,,,,
,,,,,Web Services,,,,,,,,,,,,,,,,,,,,
,,,,,,.NET,,,,,,,,,,,,,,,,,,,
,,,,,,Java,,,,,,,,,,,,,,,,,,,
,,,,,,Selenium,,,,,,,,,,,,,,,,,,,
,,,,,,Test Complete,,,,,,,,,,,,,,,,,,,
,,,,,,HP Solutions,,,,,,,,,,,,,,,,,,,
,,,,,,Rational Solutions,,,,,,,,,,,,,,,,,,,
,,,,,,SoapUI,,,,,,,,,,,,,,,,,,,
,,,,,,JMeter,,,,,,,,,,,,,,,,,,,
,,,,,,Other [Specify],,,,,,,,,,,,,,,,,,,
,,,,Mobile,,,,,,,,,,,,,,,,,,,,,
,,,,,iOS,,,,,,,,,,,,,,,,,,,,
,,,,,,Other [Specify],,,,,,,,,,,,,,,,,,,
,,,,,Android,,,,,,,,,,,,,,,,,,,,
,,,,,,Other [Specify],,,,,,,,,,,,,,,,,,,
,,,,,Win Mobile,,,,,,,,,,,,,,,,,,,,
,,,,,,Other [Specify],,,,,,,,,,,,,,,,,,,
,,,,Other,,,,,,,,,,,,,,,,,,,,,
,,,,,Other,Other [Specify],,,,,,,,,,,,,,,,,,,
,,,Compatibility Testing,,,,,,,,,,,,,,,,,,,,,,
,,,,Desktop,,,,,,,,,,,,,,,,,,,,,
,,,,,MS Windows,,,,,,,,,,,,,,,,,,,,
,,,,,,.NET,,,,,,,,,,,,,,,,,,,
,,,,,,Java,,,,,,,,,,,,,,,,,,,
,,,,,,Test Complete,,,,,,,,,,,,,,,,,,,
,,,,,,HP Solutions,,,,,,,,,,,,,,,,,,,
,,,,,,Rational Solutions,,,,,,,,,,,,,,,,,,,
,,,,,,Other [Specify],,,,,,,,,,,,,,,,,,,
,,,,,Mac OS,Other [Specify],,,,,,,,,,,,,,,,,,,
,,,,,,Other [Specify],,,,,,,,,,,,,,,,,,,
,,,,,*nix,,,,,,,,,,,,,,,,,,,,
,,,,,,Other [Specify],,,,,,,,,,,,,,,,,,,
,,,,Web,,,,,,,,,,,,,,,,,,,,,
,,,,,Web Applications,,,,,,,,,,,,,,,,,,,,
,,,,,,.NET,,,,,,,,,,,,,,,,,,,
,,,,,,Java,,,,,,,,,,,,,,,,,,,
,,,,,,Selenium,,,,,,,,,,,,,,,,,,,
,,,,,,Test Complete,,,,,,,,,,,,,,,,,,,
,,,,,,HP Solutions,,,,,,,,,,,,,,,,,,,
,,,,,,Rational Solutions,,,,,,,,,,,,,,,,,,,
,,,,,,JMeter,,,,,,,,,,,,,,,,,,,
,,,,,,Other [Specify],,,,,,,,,,,,,,,,,,,
,,,,,Web Services,,,,,,,,,,,,,,,,,,,,
,,,,,,.NET,,,,,,,,,,,,,,,,,,,
,,,,,,Java,,,,,,,,,,,,,,,,,,,
,,,,,,Selenium,,,,,,,,,,,,,,,,,,,
,,,,,,Test Complete,,,,,,,,,,,,,,,,,,,
,,,,,,HP Solutions,,,,,,,,,,,,,,,,,,,
,,,,,,Rational Solutions,,,,,,,,,,,,,,,,,,,
,,,,,,SoapUI,,,,,,,,,,,,,,,,,,,
,,,,,,JMeter,,,,,,,,,,,,,,,,,,,
,,,,,,Other [Specify],,,,,,,,,,,,,,,,,,,
,,,,Mobile,,,,,,,,,,,,,,,,,,,,,
,,,,,iOS,Other [Specify],,,,,,,,,,,,,,,,,,,
,,,,,Android,Other [Specify],,,,,,,,,,,,,,,,,,,
,,,,,Win Mobile,Other [Specify],,,,,,,,,,,,,,,,,,,
,,,,Other,,,,,,,,,,,,,,,,,,,,,
,,,,,Other,Other [Specify],,,,,,,,,,,,,,,,,,,
,,,UI Testing,,,,,,,,,,,,,,,,,,,,,,
,,,,Desktop,,,,,,,,,,,,,,,,,,,,,
,,,,,MS Windows,,,,,,,,,,,,,,,,,,,,
,,,,,,.NET,,,,,,,,,,,,,,,,,,,
,,,,,,Java,,,,,,,,,,,,,,,,,,,
,,,,,,Test Complete,,,,,,,,,,,,,,,,,,,
,,,,,,HP Solutions,,,,,,,,,,,,,,,,,,,
,,,,,,Rational Solutions,,,,,,,,,,,,,,,,,,,
,,,,,,Other [Specify],,,,,,,,,,,,,,,,,,,
,,,,,Mac OS,Other [Specify],,,,,,,,,,,,,,,,,,,
,,,,,*nix,Other [Specify],,,,,,,,,,,,,,,,,,,
,,,,Web,,,,,,,,,,,,,,,,,,,,,
,,,,,Web Applications,,,,,,,,,,,,,,,,,,,,
,,,,,,.NET,,,,,,,,,,,,,,,,,,,
,,,,,,Java,,,,,,,,,,,,,,,,,,,
,,,,,,Selenium,,,,,,,,,,,,,,,,,,,
,,,,,,Test Complete,,,,,,,,,,,,,,,,,,,
,,,,,,HP Solutions,,,,,,,,,,,,,,,,,,,
,,,,,,Rational Solutions,,,,,,,,,,,,,,,,,,,
,,,,,,Other [Specify],,,,,,,,,,,,,,,,,,,
,,,,Mobile,,,,,,,,,,,,,,,,,,,,,
,,,,,iOS,Other [Specify],,,,,,,,,,,,,,,,,,,
,,,,,Android,Other [Specify],,,,,,,,,,,,,,,,,,,
,,,,,Win Mobile,Other [Specify],,,,,,,,,,,,,,,,,,,
,,,,Other,,,,,,,,,,,,,,,,,,,,,
,,,,,Other,Other [Specify],,,,,,,,,,,,,,,,,,,
,,,API Testing,,,,,,,,,,,,,,,,,,,,,,
,,,,Desktop,,,,,,,,,,,,,,,,,,,,,
,,,,,MS Windows,,,,,,,,,,,,,,,,,,,,
,,,,,,.NET,,,,,,,,,,,,,,,,,,,
,,,,,,Java,,,,,,,,,,,,,,,,,,,
,,,,,,Other [Specify],,,,,,,,,,,,,,,,,,,
,,,,,Mac OS,,,,,,,,,,,,,,,,,,,,
,,,,,,Other [Specify],,,,,,,,,,,,,,,,,,,
,,,,,*nix,,,,,,,,,,,,,,,,,,,,
,,,,,,Other [Specify],,,,,,,,,,,,,,,,,,,
,,,,Web,,,,,,,,,,,,,,,,,,,,,
,,,,,Web Applications,,,,,,,,,,,,,,,,,,,,
,,,,,,.NET,,,,,,,,,,,,,,,,,,,
,,,,,,Java,,,,,,,,,,,,,,,,,,,
,,,,,,Other [Specify],,,,,,,,,,,,,,,,,,,
,,,,,Web Services,,,,,,,,,,,,,,,,,,,,
,,,,,,.NET,,,,,,,,,,,,,,,,,,,
,,,,,,Java,,,,,,,,,,,,,,,,,,,
,,,,,,Other [Specify],,,,,,,,,,,,,,,,,,,
,,,,Mobile,,,,,,,,,,,,,,,,,,,,,
,,,,,iOS,Other [Specify],,,,,,,,,,,,,,,,,,,
,,,,,Android,Other [Specify],,,,,,,,,,,,,,,,,,,
,,,,,Win Mobile,Other [Specify],,,,,,,,,,,,,,,,,,,
,,,,Other,,,,,,,,,,,,,,,,,,,,,
,,,,,Other,Other [Specify],,,,,,,,,,,,,,,,,,,
,,,Installation and Configuration Testing,,,,,,,,,,,,,,,,,,,,,,
,,,,Desktop,,,,,,,,,,,,,,,,,,,,,
,,,,,MS Windows,Other [Specify],,,,,,,,,,,,,,,,,,,
,,,,,Mac OS,Other [Specify],,,,,,,,,,,,,,,,,,,
,,,,,*nix,Other [Specify],,,,,,,,,,,,,,,,,,,
,,,,Web,,,,,,,,,,,,,,,,,,,,,
,,,,,Web Applications,Other [Specify],,,,,,,,,,,,,,,,,,,
,,,,Mobile,,,,,,,,,,,,,,,,,,,,,
,,,,,iOS,Other [Specify],,,,,,,,,,,,,,,,,,,
,,,,,Android,Other [Specify],,,,,,,,,,,,,,,,,,,
,,,,,Win Mobile,Other [Specify],,,,,,,,,,,,,,,,,,,
,,,,Other,,,,,,,,,,,,,,,,,,,,,
,,,,,Other,Other [Specify],,,,,,,,,,,,,,,,,,,
,,,Performance Testing,,,,,,,,,,,,,,,,,,,,,,
,,,,Desktop,,,,,,,,,,,,,,,,,,,,,
,,,,,MS Windows,,,,,,,,,,,,,,,,,,,,
,,,,,,.NET,,,,,,,,,,,,,,,,,,,
,,,,,,Java,,,,,,,,,,,,,,,,,,,
,,,,,,Test Complete,,,,,,,,,,,,,,,,,,,
,,,,,,HP Solutions,,,,,,,,,,,,,,,,,,,
,,,,,,Rational Solutions,,,,,,,,,,,,,,,,,,,
,,,,,,Other [Specify],,,,,,,,,,,,,,,,,,,
,,,,,Mac OS,,,,,,,,,,,,,,,,,,,,
,,,,,,Other [Specify],,,,,,,,,,,,,,,,,,,
,,,,,*nix,,,,,,,,,,,,,,,,,,,,
,,,,,,Other [Specify],,,,,,,,,,,,,,,,,,,
,,,,Web,,,,,,,,,,,,,,,,,,,,,
,,,,,Web Applications,,,,,,,,,,,,,,,,,,,,
,,,,,,.NET,,,,,,,,,,,,,,,,,,,
,,,,,,Java,,,,,,,,,,,,,,,,,,,
,,,,,,Selenium,,,,,,,,,,,,,,,,,,,
,,,,,,Test Complete,,,,,,,,,,,,,,,,,,,
,,,,,,HP Solutions,,,,,,,,,,,,,,,,,,,
,,,,,,Rational Solutions,,,,,,,,,,,,,,,,,,,
,,,,,,JMeter,,,,,,,,,,,,,,,,,,,
,,,,,,Other [Specify],,,,,,,,,,,,,,,,,,,
,,,,,Web Services,,,,,,,,,,,,,,,,,,,,
,,,,,,.NET,,,,,,,,,,,,,,,,,,,
,,,,,,Java,,,,,,,,,,,,,,,,,,,
,,,,,,Selenium,,,,,,,,,,,,,,,,,,,
,,,,,,Test Complete,,,,,,,,,,,,,,,,,,,
,,,,,,HP Solutions,,,,,,,,,,,,,,,,,,,
,,,,,,Rational Solutions,,,,,,,,,,,,,,,,,,,
,,,,,,SoapUI,,,,,,,,,,,,,,,,,,,
,,,,,,JMeter,,,,,,,,,,,,,,,,,,,
,,,,,,Other [Specify],,,,,,,,,,,,,,,,,,,
,,,,Mobile,,,,,,,,,,,,,,,,,,,,,
,,,,,iOS,Other [Specify],,,,,,,,,,,,,,,,,,,
,,,,,Android,Other [Specify],,,,,,,,,,,,,,,,,,,
,,,,,Win Mobile,Other [Specify],,,,,,,,,,,,,,,,,,,
,,,,Other,,,,,,,,,,,,,,,,,,,,,
,,,,,Other,Other [Specify],,,,,,,,,,,,,,,,,,,
,,,Globalization and Localization Testing,,,,,,,,,,,,,,,,,,,,,,
,,,,Desktop,,,,,,,,,,,,,,,,,,,,,
,,,,,MS Windows,Other [Specify],,,,,,,,,,,,,,,,,,,
,,,,,Mac OS,Other [Specify],,,,,,,,,,,,,,,,,,,
,,,,,*nix,Other [Specify],,,,,,,,,,,,,,,,,,,
,,,,Web,,,,,,,,,,,,,,,,,,,,,
,,,,,Web Applications,Other [Specify],,,,,,,,,,,,,,,,,,,
,,,,,Web Services,Other [Specify],,,,,,,,,,,,,,,,,,,
,,,,Mobile,,,,,,,,,,,,,,,,,,,,,
,,,,,iOS,Other [Specify],,,,,,,,,,,,,,,,,,,
,,,,,Android,Other [Specify],,,,,,,,,,,,,,,,,,,
,,,,,Win Mobile,Other [Specify],,,,,,,,,,,,,,,,,,,
,,,,Other,,,,,,,,,,,,,,,,,,,,,
,,,,,Other,Other [Specify],,,,,,,,,,,,,,,,,,,
,,,Usability Testing,,,,,,,,,,,,,,,,,,,,,,
,,,,Desktop,,,,,,,,,,,,,,,,,,,,,
,,,,,MS Windows,Other [Specify],,,,,,,,,,,,,,,,,,,
,,,,,Mac OS,Other [Specify],,,,,,,,,,,,,,,,,,,
,,,,,*nix,Other [Specify],,,,,,,,,,,,,,,,,,,
,,,,Web,,,,,,,,,,,,,,,,,,,,,
,,,,,Web Applications,Other [Specify],,,,,,,,,,,,,,,,,,,
,,,,,Web Services,Other [Specify],,,,,,,,,,,,,,,,,,,
,,,,Mobile,,,,,,,,,,,,,,,,,,,,,
,,,,,iOS,Other [Specify],,,,,,,,,,,,,,,,,,,
,,,,,Android,Other [Specify],,,,,,,,,,,,,,,,,,,
,,,,,Win Mobile,Other [Specify],,,,,,,,,,,,,,,,,,,
,,,,Other,,,,,,,,,,,,,,,,,,,,,
,,,,,Other,Other [Specify],,,,,,,,,,,,,,,,,,,
,,,Security Testing,,,,,,,,,,,,,,,,,,,,,,
,,,,Desktop,,,,,,,,,,,,,,,,,,,,,
,,,,,MS Windows,Other [Specify],,,,,,,,,,,,,,,,,,,
,,,,,Mac OS,Other [Specify],,,,,,,,,,,,,,,,,,,
,,,,,*nix,Other [Specify],,,,,,,,,,,,,,,,,,,
,,,,Web,,,,,,,,,,,,,,,,,,,,,
,,,,,Web Applications,Other [Specify],,,,,,,,,,,,,,,,,,,
,,,,,Web Services,Other [Specify],,,,,,,,,,,,,,,,,,,
,,,,Mobile,,,,,,,,,,,,,,,,,,,,,
,,,,,iOS,Other [Specify],,,,,,,,,,,,,,,,,,,
,,,,,Android,Other [Specify],,,,,,,,,,,,,,,,,,,
,,,,,Win Mobile,Other [Specify],,,,,,,,,,,,,,,,,,,
,,,,Other,,,,,,,,,,,,,,,,,,,,,
,,,,,Other,,,,,,,,,,,,,,,,,,,,
,,,,,,Other [Specify],,,,,,,,,,,,,,,,,,,
,,Software Testing (Manual),,,,,,,,,,,,,,,,,,,,,,,
,,,Functional Testing,,,,,,,,,,,,,,,,,,,,,,
,,,,Desktop,,,,,,,,,,,,,,,,,,,,,
,,,,,MS Windows,,,,,,,,,,,,,,,,,,,,
,,,,,Mac OS,,,,,,,,,,,,,,,,,,,,
,,,,,*nix,,,,,,,,,,,,,,,,,,,,
,,,,Web,,,,,,,,,,,,,,,,,,,,,
,,,,,Web Applications,,,,,,,,,,,,,,,,,,,,
,,,,,Web Services,,,,,,,,,,,,,,,,,,,,
,,,,Mobile,,,,,,,,,,,,,,,,,,,,,
,,,,,iOS,,,,,,,,,,,,,,,,,,,,
,,,,,Android,,,,,,,,,,,,,,,,,,,,
,,,,,Win Mobile,,,,,,,,,,,,,,,,,,,,
,,,,Other,,,,,,,,,,,,,,,,,,,,,
,,,,,Other,,,,,,,,,,,,,,,,,,,,
,,,Compatibility Testing,,,,,,,,,,,,,,,,,,,,,,
,,,,Desktop,,,,,,,,,,,,,,,,,,,,,
,,,,,MS Windows,,,,,,,,,,,,,,,,,,,,
,,,,,Mac OS,,,,,,,,,,,,,,,,,,,,
,,,,,*nix,,,,,,,,,,,,,,,,,,,,
,,,,Web,,,,,,,,,,,,,,,,,,,,,
,,,,,Web Applications,,,,,,,,,,,,,,,,,,,,
,,,,Mobile,,,,,,,,,,,,,,,,,,,,,
,,,,,iOS,,,,,,,,,,,,,,,,,,,,
,,,,,Android,,,,,,,,,,,,,,,,,,,,
,,,,,Win Mobile,,,,,,,,,,,,,,,,,,,,
,,,,Other,,,,,,,,,,,,,,,,,,,,,
,,,,,Other,,,,,,,,,,,,,,,,,,,,
,,,UI Testing,,,,,,,,,,,,,,,,,,,,,,
,,,,Desktop,,,,,,,,,,,,,,,,,,,,,
,,,,,MS Windows,,,,,,,,,,,,,,,,,,,,
,,,,,Mac OS,,,,,,,,,,,,,,,,,,,,
,,,,,*nix,,,,,,,,,,,,,,,,,,,,
,,,,Web,,,,,,,,,,,,,,,,,,,,,
,,,,,Web Applications,,,,,,,,,,,,,,,,,,,,
,,,,Mobile,,,,,,,,,,,,,,,,,,,,,
,,,,,iOS,,,,,,,,,,,,,,,,,,,,
,,,,,Android,,,,,,,,,,,,,,,,,,,,
,,,,,Win Mobile,,,,,,,,,,,,,,,,,,,,
,,,,Other,,,,,,,,,,,,,,,,,,,,,
,,,,,Other,,,,,,,,,,,,,,,,,,,,
,,,Installation and Configuration Testing,,,,,,,,,,,,,,,,,,,,,,
,,,,Desktop,,,,,,,,,,,,,,,,,,,,,
,,,,,MS Windows,,,,,,,,,,,,,,,,,,,,
,,,,,Mac OS,,,,,,,,,,,,,,,,,,,,
,,,,,*nix,,,,,,,,,,,,,,,,,,,,
,,,,Web,,,,,,,,,,,,,,,,,,,,,
,,,,,Web Applications,,,,,,,,,,,,,,,,,,,,
,,,,Mobile,,,,,,,,,,,,,,,,,,,,,
,,,,,iOS,,,,,,,,,,,,,,,,,,,,
,,,,,Android,,,,,,,,,,,,,,,,,,,,
,,,,,Win Mobile,,,,,,,,,,,,,,,,,,,,
,,,,Other,,,,,,,,,,,,,,,,,,,,,
,,,,,Other,,,,,,,,,,,,,,,,,,,,
,,,Globalization and Localization Testing,,,,,,,,,,,,,,,,,,,,,,
,,,,Desktop,,,,,,,,,,,,,,,,,,,,,
,,,,,MS Windows,,,,,,,,,,,,,,,,,,,,
,,,,,Mac OS,,,,,,,,,,,,,,,,,,,,
,,,,,*nix,,,,,,,,,,,,,,,,,,,,
,,,,Web,,,,,,,,,,,,,,,,,,,,,
,,,,,Web Applications,,,,,,,,,,,,,,,,,,,,
,,,,,Web Services,,,,,,,,,,,,,,,,,,,,
,,,,Mobile,,,,,,,,,,,,,,,,,,,,,
,,,,,iOS,,,,,,,,,,,,,,,,,,,,
,,,,,Android,,,,,,,,,,,,,,,,,,,,
,,,,,Win Mobile,,,,,,,,,,,,,,,,,,,,
,,,,Other,,,,,,,,,,,,,,,,,,,,,
,,,,,Other,,,,,,,,,,,,,,,,,,,,
,,,Usability Testing,,,,,,,,,,,,,,,,,,,,,,
,,,,Desktop,,,,,,,,,,,,,,,,,,,,,
,,,,,MS Windows,,,,,,,,,,,,,,,,,,,,
,,,,,Mac OS,,,,,,,,,,,,,,,,,,,,
,,,,,*nix,,,,,,,,,,,,,,,,,,,,
,,,,Web,,,,,,,,,,,,,,,,,,,,,
,,,,,Web Applications,,,,,,,,,,,,,,,,,,,,
,,,,Mobile,,,,,,,,,,,,,,,,,,,,,
,,,,,iOS,,,,,,,,,,,,,,,,,,,,
,,,,,Android,,,,,,,,,,,,,,,,,,,,
,,,,,Win Mobile,,,,,,,,,,,,,,,,,,,,
,,,,Other,,,,,,,,,,,,,,,,,,,,,
,,,,,Other,,,,,,,,,,,,,,,,,,,,
,,,Security Testing,,,,,,,,,,,,,,,,,,,,,,
,,,,Desktop,,,,,,,,,,,,,,,,,,,,,
,,,,,MS Windows,,,,,,,,,,,,,,,,,,,,
,,,,,Mac OS,,,,,,,,,,,,,,,,,,,,
,,,,,*nix,,,,,,,,,,,,,,,,,,,,
,,,,Web,,,,,,,,,,,,,,,,,,,,,
,,,,,Web Applications,,,,,,,,,,,,,,,,,,,,
,,,,,Web Services,,,,,,,,,,,,,,,,,,,,
,,,,Mobile,,,,,,,,,,,,,,,,,,,,,
,,,,,iOS,,,,,,,,,,,,,,,,,,,,
,,,,,Android,,,,,,,,,,,,,,,,,,,,
,,,,,Win Mobile,,,,,,,,,,,,,,,,,,,,
,,,,Other,,,,,,,,,,,,,,,,,,,,,
,,,,,Other,,,,,,,,,,,,,,,,,,,,
,,,,,,,,,,,,,,,,,,,,,,,,,
,,,,,,,,,,,,,,,,,,,,,,,,,
,,,,,,,,,,,,,,,,,,,,,,,,,
,,Test Methodology,,,,,,,,,,,,,,,,,,,,,,,
,,,White Box,,,,,,,,,,,,,,,,,,,,,,
,,,,API Testing,,,,,,,,,,,,,,,,,,,,,
,,,,Code Coverage,,,,,,,,,,,,,,,,,,,,,
,,,,Fault Injection testing,,,,,,,,,,,,,,,,,,,,,
,,,,Mutations testing,,,,,,,,,,,,,,,,,,,,,
,,,,Loop testing,,,,,,,,,,,,,,,,,,,,,
,,,,Unit Testing,,,,,,,,,,,,,,,,,,,,,
,,,Grey Box,,,,,,,,,,,,,,,,,,,,,,
,,,Black Box,,,,,,,,,,,,,,,,,,,,,,
,,,,Functional testing,,,,,,,,,,,,,,,,,,,,,
,,,,Regression testing,,,,,,,,,,,,,,,,,,,,,
,,Test Strategy,,,,,,,,,,,,,,,,,,,,,,,
,,,Test Driven development,,,,,,,,,,,,,,,,,,,,,,
,,,Keyword Driven development,,,,,,,,,,,,,,,,,,,,,,
,,,Behaviour driven development,,,,,,,,,,,,,,,,,,,,,,
,,,Model Based testing,,,,,,,,,,,,,,,,,,,,,,
,,Testing Types,,,,,,,,,,,,,,,,,,,,,,,
,,,Functional testing,,,,,,,,,,,,,,,,,,,,,,
,,,Acceptance testing,,,,,,,,,,,,,,,,,,,,,,
,,,Smoke testing,,,,,,,,,,,,,,,,,,,,,,
,,,GUI testing,,,,,,,,,,,,,,,,,,,,,,
,,,Installation testing,,,,,,,,,,,,,,,,,,,,,,
,,,Compatibility testing,,,,,,,,,,,,,,,,,,,,,,
,,,Usability testing,,,,,,,,,,,,,,,,,,,,,,
,,,Regression testing,,,,,,,,,,,,,,,,,,,,,,
,,,Requirements testing,,,,,,,,,,,,,,,,,,,,,,
,,,Performance testing,,,,,,,,,,,,,,,,,,,,,,
,,,Load testing,,,,,,,,,,,,,,,,,,,,,,
,,,Stress testing,,,,,,,,,,,,,,,,,,,,,,
,,,Reliability and Continuous operating testing,,,,,,,,,,,,,,,,,,,,,,
,,,Security testing,,,,,,,,,,,,,,,,,,,,,,
,,,Localization testing,,,,,,,,,,,,,,,,,,,,,,
,,Test Management,,,,,,,,,,,,,,,,,,,,,,,
,,,Test Plan,,,,,,,,,,,,,,,,,,,,,,
,,,Test Management,,,,,,,,,,,,,,,,,,,,,,
,,Test Development,,,,,,,,,,,,,,,,,,,,,,,
,,,Test Design,,,,,,,,,,,,,,,,,,,,,,
,,,Test Case development,,,,,,,,,,,,,,,,,,,,,,
,,,Classes of Equivalence,,,,,,,,,,,,,,,,,,,,,,
,,Mobile Testing,,,,,,,,,,,,,,,,,,,,,,,
,,,Android,,,,,,,,,,,,,,,,,,,,,,
,,,iOS,,,,,,,,,,,,,,,,,,,,,,
,,,J2ME,,,,,,,,,,,,,,,,,,,,,,
,,,Blackberry,,,,,,,,,,,,,,,,,,,,,,
,,,Windows Phone,,,,,,,,,,,,,,,,,,,,,,
,,,WinCE and Windows Mobile,,,,,,,,,,,,,,,,,,,,,,
,,QA Automation,,,,,,,,,,,,,,,,,,,,,,,
,,,Programming Language,,,,,,,,,,,,,,,,,,,,,,
,,,,C#,,,,,,,,,,,,,,,,,,,,,
,,,,C++,,,,,,,,,,,,,,,,,,,,,
,,,,Visual Basic,,,,,,,,,,,,,,,,,,,,,
,,,,Java,,,,,,,,,,,,,,,,,,,,,
,,,,JavaScript,,,,,,,,,,,,,,,,,,,,,
,,,,Python,,,,,,,,,,,,,,,,,,,,,
,,,,Ruby,,,,,,,,,,,,,,,,,,,,,
,,,,Windows Shell and powershell,,,,,,,,,,,,,,,,,,,,,
,,,,Linux shell - bash,,,,,,,,,,,,,,,,,,,,,
,,,,Perl,,,,,,,,,,,,,,,,,,,,,
,,,,PHP,,,,,,,,,,,,,,,,,,,,,
,,,Programming and Design Patterns,,,,,,,,,,,,,,,,,,,,,,
,,,,OOP,,,,,,,,,,,,,,,,,,,,,
,,,,PageObject,,,,,,,,,,,,,,,,,,,,,
,,,,Front Controller,,,,,,,,,,,,,,,,,,,,,
,,,,Factory,,,,,,,,,,,,,,,,,,,,,
,,,,Singleton,,,,,,,,,,,,,,,,,,,,,
,,,,,,,,,,,,,,,,,,,,,,,,,
,,,,,,,,,,,,,,,,,,,,,,,,,
,DB,,,,,,,,,,,,,,,,,,,,,,,,
,,SQL,,,,,,,,,,,,,,,,,,,,,,,
,,,Oracle,,,,,,,,,,,,,,,,,,,,,,
,,,MySQL,,,,,,,,,,,,,,,,,,,,,,
,,,PostgreSQL,,,,,,,,,,,,,,,,,,,,,,
,,,4th Dimension,,,,,,,,,,,,,,,,,,,,,,
,,,Altibase,,,,,,,,,,,,,,,,,,,,,,
,,,Apache Derby,,,,,,,,,,,,,,,,,,,,,,
,,,Clustrix,,,,,,,,,,,,,,,,,,,,,,
,,,CUBRID,,,,,,,,,,,,,,,,,,,,,,
,,,DB2,,,,,,,,,,,,,,,,,,,,,,
,,,EXASolution,,,,,,,,,,,,,,,,,,,,,,
,,,EnterpriseDB ,,,,,,,,,,,,,,,,,,,,,,
,,,Firebird,,,,,,,,,,,,,,,,,,,,,,
,,,HSQLDB,,,,,,,,,,,,,,,,,,,,,,
,,,H2,,,,,,,,,,,,,,,,,,,,,,
,,,Informix Dynamic Server,,,,,,,,,,,,,,,,,,,,,,
,,,Ingres,,,,,,,,,,,,,,,,,,,,,,
,,,MariaDB,,,,,,,,,,,,,,,,,,,,,,
,,,Microsoft SQL Server,,,,,,,,,,,,,,,,,,,,,,
,,,MonetDB,,,,,,,,,,,,,,,,,,,,,,
,,,Oracle Rdb,,,,,,,,,,,,,,,,,,,,,,
,,,Pervasive PSQL,,,,,,,,,,,,,,,,,,,,,,
,,,Polyhedra DBMS,,,,,,,,,,,,,,,,,,,,,,
,,,SQLite,,,,,,,,,,,,,,,,,,,,,,
,,,Other,,,,,,,,,,,,,,,,,,,,,,
,,NoSQL,,,,,,,,,,,,,,,,,,,,,,,
,,,Coherence,,,,,,,,,,,,,,,,,,,,,,
,,,eXtreme Scale,,,,,,,,,,,,,,,,,,,,,,
,,,GigaSpaces,,,,,,,,,,,,,,,,,,,,,,
,,,GemFire,,,,,,,,,,,,,,,,,,,,,,
,,,Hazelcast,,,,,,,,,,,,,,,,,,,,,,
,,,Infinispan,,,,,,,,,,,,,,,,,,,,,,
,,,Jboss cache,,,,,,,,,,,,,,,,,,,,,,
,,,Memacached,,,,,,,,,,,,,,,,,,,,,,
,,,Repcached,,,,,,,,,,,,,,,,,,,,,,
,,,Terracotta,,,,,,,,,,,,,,,,,,,,,,
,,,Velocity,,,,,,,,,,,,,,,,,,,,,,
,,,Clusterpoint,,,,,,,,,,,,,,,,,,,,,,
,,,Couchbase,,,,,,,,,,,,,,,,,,,,,,
,,,CouchDB,,,,,,,,,,,,,,,,,,,,,,
,,,MarkLogic,,,,,,,,,,,,,,,,,,,,,,
,,,MongoDB,,,,,,,,,,,,,,,,,,,,,,
,,,XMS-databases,,,,,,,,,,,,,,,,,,,,,,
,,,Redis,,,,,,,,,,,,,,,,,,,,,,
,,,Flare,,,,,,,,,,,,,,,,,,,,,,
,,,Keyspace,,,,,,,,,,,,,,,,,,,,,,
,,,RAMCloud,,,,,,,,,,,,,,,,,,,,,,
,,,SchemaFree,,,,,,,,,,,,,,,,,,,,,,
,,,DovetailDB,,,,,,,,,,,,,,,,,,,,,,
,,,Dynamo,,,,,,,,,,,,,,,,,,,,,,
,,,Riak,,,,,,,,,,,,,,,,,,,,,,
,,,MotionDB,,,,,,,,,,,,,,,,,,,,,,
,,,Voldemort,,,,,,,,,,,,,,,,,,,,,,
,,,SubRecord,,,,,,,,,,,,,,,,,,,,,,
,,,Actord,,,,,,,,,,,,,,,,,,,,,,
,,,FoundationDB,,,,,,,,,,,,,,,,,,,,,,
,,,Lightcloud,,,,,,,,,,,,,,,,,,,,,,
,,,MemacacheDB,,,,,,,,,,,,,,,,,,,,,,
,,,Scalaris,,,,,,,,,,,,,,,,,,,,,,
,,,NMDB,,,,,,,,,,,,,,,,,,,,,,
,,,DB40,,,,,,,,,,,,,,,,,,,,,,
,,,Perst,,,,,,,,,,,,,,,,,,,,,,
,,,Shoal,,,,,,,,,,,,,,,,,,,,,,
,,,ZopeDB,,,,,,,,,,,,,,,,,,,,,,
,,,ApacheRiver,,,,,,,,,,,,,,,,,,,,,,
,,,Coord,,,,,,,,,,,,,,,,,,,,,,
,,,BigTable,,,,,,,,,,,,,,,,,,,,,,
,,,Cassandra,,,,,,,,,,,,,,,,,,,,,,
,,,Druid,,,,,,,,,,,,,,,,,,,,,,
,,,Hbase,,,,,,,,,,,,,,,,,,,,,,
,,,Hypertable,,,,,,,,,,,,,,,,,,,,,,
,,,Qbase,,,,,,,,,,,,,,,,,,,,,,
,,,OpenNeptune,,,,,,,,,,,,,,,,,,,,,,
,,,Berkeley DB,,,,,,,,,,,,,,,,,,,,,,
,,,Neo4J,,,,,,,,,,,,,,,,,,,,,,
,,,Other,,,,,,,,,,,,,,,,,,,,,,
,,,,,,,,,,,,,,,,,,,,,,,,,
,,,,,,,,,,,,,,,,,,,,,,,,,
,UI Design/Usability,,,,,,,,,,,,,,,,,,,,,,,,
,,User Experience Design,,,,,,,,,,,,,,,,,,,,,,,
,,,User Experience Design,,,,,,,,,,,,,,,,,,,,,,
,,,Graphic Design,,,,,,,,,,,,,,,,,,,,,,
,,,Prototyping,,,,,,,,,,,,,,,,,,,,,,
,,,Wireframes,,,,,,,,,,,,,,,,,,,,,,
,,,Other,,,,,,,,,,,,,,,,,,,,,,
,,UI Design,,,,,,,,,,,,,,,,,,,,,,,
,,,Balsamiq Studio,,,,,,,,,,,,,,,,,,,,,,
,,,Axure PRO,,,,,,,,,,,,,,,,,,,,,,
,,,Flash,,,,,,,,,,,,,,,,,,,,,,
,,,InDesign,,,,,,,,,,,,,,,,,,,,,,
,,,After Effects,,,,,,,,,,,,,,,,,,,,,,
,,,Illustrator,,,,,,,,,,,,,,,,,,,,,,
,,,Photoshop,,,,,,,,,,,,,,,,,,,,,,
,,,DreamWeaver,,,,,,,,,,,,,,,,,,,,,,
,,,Other,,,,,,,,,,,,,,,,,,,,,,
,,Usability Expert,,,,,,,,,,,,,,,,,,,,,,,
,Management,,,,,,,,,,,,,,,,,,,,,,,,
,,Project Management,,,,,,,,,,,,,,,,,,,,,,,
,,,Project Planning,,,,,,,,,,,,,,,,,,,,,,
,,,Scope Management,,,,,,,,,,,,,,,,,,,,,,
,,,Time Management,,,,,,,,,,,,,,,,,,,,,,
,,,Cost Management,,,,,,,,,,,,,,,,,,,,,,
,,,Quality Management,,,,,,,,,,,,,,,,,,,,,,
,,,Human Resource Management,,,,,,,,,,,,,,,,,,,,,,
,,,Communications Management,,,,,,,,,,,,,,,,,,,,,,
,,,Risk Management,,,,,,,,,,,,,,,,,,,,,,
,,,Procurement Management,,,,,,,,,,,,,,,,,,,,,,
,,,Project Contract Types,,,,,,,,,,,,,,,,,,,,,,
,,,,Fixed Bid,,,,,,,,,,,,,,,,,,,,,
,,,,Retainer (Time and Material),,,,,,,,,,,,,,,,,,,,,
,,,,Hourly,,,,,,,,,,,,,,,,,,,,,
,,,,Other,,,,,,,,,,,,,,,,,,,,,
,,,Project Ownership Types,,,,,,,,,,,,,,,,,,,,,,
,,,,Outsourcing,,,,,,,,,,,,,,,,,,,,,
,,,,Full ownership,,,,,,,,,,,,,,,,,,,,,
,,,,Team augmentation,,,,,,,,,,,,,,,,,,,,,
,,,,Outstaffing,,,,,,,,,,,,,,,,,,,,,
,,,,Other,,,,,,,,,,,,,,,,,,,,,
,,,,,,,,,,,,,,,,,,,,,,,,,
,,,,,,,,,,,,,,,,,,,,,,,,,
,Business Analysis,,,,,,,,,,,,,,,,,,,,,,,,
,,Reqirements development,,,,,,,,,,,,,,,,,,,,,,,
,,,Requirenents elicitation (gathering),,,,,,,,,,,,,,,,,,,,,,
,,,,Brainstorming,,,,,,,,,,,,,,,,,,,,,
,,,,Document Analysis,,,,,,,,,,,,,,,,,,,,,
,,,,Focus Groups Analysis,,,,,,,,,,,,,,,,,,,,,
,,,,Interface Analysis,,,,,,,,,,,,,,,,,,,,,
,,,,Interviews,,,,,,,,,,,,,,,,,,,,,
,,,,Observation,,,,,,,,,,,,,,,,,,,,,
,,,,Prototyping,,,,,,,,,,,,,,,,,,,,,
,,,,Requirements Workshops,,,,,,,,,,,,,,,,,,,,,
,,,,Survey/Questionnaire,,,,,,,,,,,,,,,,,,,,,
,,,Requirements analysis,,,,,,,,,,,,,,,,,,,,,,
,,,,Context Data Flow Diagramming,,,,,,,,,,,,,,,,,,,,,
,,,,Root Cause Analysis,,,,,,,,,,,,,,,,,,,,,
,,,,Workflow Modeling,,,,,,,,,,,,,,,,,,,,,
,,,,Use Case Modeling,,,,,,,,,,,,,,,,,,,,,
,,,,Process Decomposition Diagram,,,,,,,,,,,,,,,,,,,,,
,,,,Entity Relationship Diagram,,,,,,,,,,,,,,,,,,,,,
,,,,UML notation,,,,,,,,,,,,,,,,,,,,,
,,,,IDEFx notations,,,,,,,,,,,,,,,,,,,,,
,,,,BPM notation,,,,,,,,,,,,,,,,,,,,,
,,,,Gap Analysis,,,,,,,,,,,,,,,,,,,,,
,,,Requirements specification,,,,,,,,,,,,,,,,,,,,,,
,,,,Vision and Scope,,,,,,,,,,,,,,,,,,,,,
,,,,Software Requirement Specification,,,,,,,,,,,,,,,,,,,,,
,,,,Business Requirements Specification,,,,,,,,,,,,,,,,,,,,,
,,,,Functional Requirements Specification,,,,,,,,,,,,,,,,,,,,,
,,,Requirements validation,,,,,,,,,,,,,,,,,,,,,,
,,,,Test-Case Driven Inspection,,,,,,,,,,,,,,,,,,,,,
,,,,Requirements prototyping,,,,,,,,,,,,,,,,,,,,,
,,,,Peer review,,,,,,,,,,,,,,,,,,,,,
,,Requirement management,,,,,,,,,,,,,,,,,,,,,,,
,,,Traceability,,,,,,,,,,,,,,,,,,,,,,
,,,,Requirements Traceability Matrix,,,,,,,,,,,,,,,,,,,,,
,,,,Impact Analysis,,,,,,,,,,,,,,,,,,,,,
,,,Change Management,,,,,,,,,,,,,,,,,,,,,,
,,,,Change Curve Model,,,,,,,,,,,,,,,,,,,,,
,,,,McKinsey 7S Framework,,,,,,,,,,,,,,,,,,,,,
,,,,SIPOC diagram,,,,,,,,,,,,,,,,,,,,,
,,,,Stakeholder Analysis Matrix,,,,,,,,,,,,,,,,,,,,,
,,,Risk Management,,,,,,,,,,,,,,,,,,,,,,
,,,,Risk Assessment Matrix,,,,,,,,,,,,,,,,,,,,,
,Technical Writing,,,,,,,,,,,,,,,,,,,,,,,,
,,Robohelp,,,,,,,,,,,,,,,,,,,,,,,
,,Madcap Flare,,,,,,,,,,,,,,,,,,,,,,,
,,Athor-it,,,,,,,,,,,,,,,,,,,,,,,
,,Help And Manual,,,,,,,,,,,,,,,,,,,,,,,
,,Snagit,,,,,,,,,,,,,,,,,,,,,,,
,,Visio,,,,,,,,,,,,,,,,,,,,,,,
,,SmartDraw,,,,,,,,,,,,,,,,,,,,,,,
,,FrameMaker,,,,,,,,,,,,,,,,,,,,,,,
,,MS-Word,,,,,,,,,,,,,,,,,,,,,,,
,,Interleaf,,,,,,,,,,,,,,,,,,,,,,,
,,,,,,,,,,,,,,,,,,,,,,,,,
,IT,,,,,,,,,,,,,,,,,,,,,,,,
,,IT,Finance IT Support,,,,,,,,,,,,,,,,,,,,,,
,,,HRMS SAP Team,,,,,,,,,,,,,,,,,,,,,,
,,,IT Support,,,,,,,,,,,,,,,,,,,,,,
,,,Others,,,,,,,,,,,,,,,,,,,,,,
,,,Virtualization Engineer,,,,,,,,,,,,,,,,,,,,,,
,,,Nagios,,,,,,,,,,,,,,,,,,,,,,
,,,Expect,,,,,,,,,,,,,,,,,,,,,,
,,,BIND,,,,,,,,,,,,,,,,,,,,,,
,,,TinyDNS,,,,,,,,,,,,,,,,,,,,,,
,,,vsftp,,,,,,,,,,,,,,,,,,,,,,
,,,Samba,,,,,,,,,,,,,,,,,,,,,,
,,,NFS,,,,,,,,,,,,,,,,,,,,,,
,,,Other,,,,,,,,,,,,,,,,,,,,,,
,,Network,,,,,,,,,,,,,,,,,,,,,,,
,,,ZigBee,,,,,,,,,,,,,,,,,,,,,,
,,,VoIP-SIP,,,,,,,,,,,,,,,,,,,,,,
,,,VoIP-IAX2,,,,,,,,,,,,,,,,,,,,,,
,,,VoIP-MGCP,,,,,,,,,,,,,,,,,,,,,,
,,,VoIP-SCTP,,,,,,,,,,,,,,,,,,,,,,
,,,VoIP-SCCP,,,,,,,,,,,,,,,,,,,,,,
,,,BGP,,,,,,,,,,,,,,,,,,,,,,
,,,IS-IS,,,,,,,,,,,,,,,,,,,,,,
,,,OSPF,,,,,,,,,,,,,,,,,,,,,,
,,,MPLS and Signaling,,,,,,,,,,,,,,,,,,,,,,
,,,Traffic load balancing,,,,,,,,,,,,,,,,,,,,,,
,,,Billing Mediation,,,,,,,,,,,,,,,,,,,,,,
,,,IP Multimedia Subsystem (IMS),,,,,,,,,,,,,,,,,,,,,,
,,,Network management system (NMS),,,,,,,,,,,,,,,,,,,,,,
,,,RADIUS protocol,,,,,,,,,,,,,,,,,,,,,,
,,,RTP/RTCP,,,,,,,,,,,,,,,,,,,,,,
,,,Security,,,,,,,,,,,,,,,,,,,,,,
,,,SNMP,,,,,,,,,,,,,,,,,,,,,,
,,,Network,,,,,,,,,,,,,,,,,,,,,,
,,,SS7,,,,,,,,,,,,,,,,,,,,,,
,,,TCP/IP,,,,,,,,,,,,,,,,,,,,,,
,,,Wi-Fi,,,,,,,,,,,,,,,,,,,,,,
,,OS-Administrator,,,,,,,,,,,,,,,,,,,,,,,
,,,CentOS,,,,,,,,,,,,,,,,,,,,,,
,,,Cisco IOS,,,,,,,,,,,,,,,,,,,,,,
,,,IBM AIX,,,,,,,,,,,,,,,,,,,,,,
,,,Linux,,,,,,,,,,,,,,,,,,,,,,
,,,Others,,,,,,,,,,,,,,,,,,,,,,
,,,QNX,,,,,,,,,,,,,,,,,,,,,,
,,,VxWorks,,,,,,,,,,,,,,,,,,,,,,
,,,RTOS,,,,,,,,,,,,,,,,,,,,,,
,,,UNIX,,,,,,,,,,,,,,,,,,,,,,
,,,HP-UX,,,,,,,,,,,,,,,,,,,,,,
,,,MP-RAS,,,,,,,,,,,,,,,,,,,,,,
,,,Windows,,,,,,,,,,,,,,,,,,,,,,
,,,Solaris,,,,,,,,,,,,,,,,,,,,,,
,,,z/OS,,,,,,,,,,,,,,,,,,,,,,
,,,IXP XXXX,,,,,,,,,,,,,,,,,,,,,,
,,,Bejerman,,,,,,,,,,,,,,,,,,,,,,
,,,OS Administrator,,,,,,,,,,,,,,,,,,,,,,
,,,,,,,,,,,,,,,,,,,,,,,,,
Common areas,,,,,,,,,,,,,,,,,,,,,,,,,
,Processes,,,,,,,,,,,,,,,,,,,,,,,,
,,Waterfall,,,,,,,,,,,,,,,,,,,,,,,
,,Iterative,,,,,,,,,,,,,,,,,,,,,,,
,,,Agile,,,,,,,,,,,,,,,,,,,,,,
,,,,Scrum,,,,,,,,,,,,,,,,,,,,,
,,,,XP,,,,,,,,,,,,,,,,,,,,,
,,,,Kanban,,,,,,,,,,,,,,,,,,,,,
,,,RUP,,,,,,,,,,,,,,,,,,,,,,
,,,Other,,,,,,,,,,,,,,,,,,,,,,
,,RAD,,,,,,,,,,,,,,,,,,,,,,,
,,Other,,,,,,,,,,,,,,,,,,,,,,,
,OS,,,,,,,,,,,,,,,,,,,,,,,,
,,Windows,,,,,,,,,,,,,,,,,,,,,,,
,,,Windows XP,,,,,,,,,,,,,,,,,,,,,,
,,,Windows 7,,,,,,,,,,,,,,,,,,,,,,
,,,Windows 8,,,,,,,,,,,,,,,,,,,,,,
,,,Other,,,,,,,,,,,,,,,,,,,,,,
,,Linux,,,,,,,,,,,,,,,,,,,,,,,
,,OS 390,,,,,,,,,,,,,,,,,,,,,,,
,,AS / 400,,,,,,,,,,,,,,,,,,,,,,,
,,MVS,,,,,,,,,,,,,,,,,,,,,,,
,,BSD,,,,,,,,,,,,,,,,,,,,,,,
,,FreeBSD,,,,,,,,,,,,,,,,,,,,,,,
,,MacOS X,,,,,,,,,,,,,,,,,,,,,,,
,,RTOS,,,,,,,,,,,,,,,,,,,,,,,
,,,ThreadX,,,,,,,,,,,,,,,,,,,,,,
,,,QNX,,,,,,,,,,,,,,,,,,,,,,
,,,MQX,,,,,,,,,,,,,,,,,,,,,,
,,,FreeRTOS,,,,,,,,,,,,,,,,,,,,,,
,,,VxWorks,,,,,,,,,,,,,,,,,,,,,,
,,Solaris,,,,,,,,,,,,,,,,,,,,,,,
,,Other,,,,,,,,,,,,,,,,,,,,,,,
,Tools,,,,,,,,,,,,,,,,,,,,,,,,
,,Issue Tracking,,,,,,,,,,,,,,,,,,,,,,,
,,,JIRA,,,,,,,,,,,,,,,,,,,,,,
,,,RedMine,,,,,,,,,,,,,,,,,,,,,,
,,,Mantis,,,,,,,,,,,,,,,,,,,,,,
,,,ClearQuest,,,,,,,,,,,,,,,,,,,,,,
,,,Other,,,,,,,,,,,,,,,,,,,,,,
,,Version Control,,,,,,,,,,,,,,,,,,,,,,,
,,,Mercurial,,,,,,,,,,,,,,,,,,,,,,
,,,Git,,,,,,,,,,,,,,,,,,,,,,
,,,GitHub,,,,,,,,,,,,,,,,,,,,,,
,,,CVS,,,,,,,,,,,,,,,,,,,,,,
,,,SVN,,,,,,,,,,,,,,,,,,,,,,
,,,Perforce,,,,,,,,,,,,,,,,,,,,,,
,,,LibreSource,,,,,,,,,,,,,,,,,,,,,,
,,,Bazaar,,,,,,,,,,,,,,,,,,,,,,
,,,Version Management System,,,,,,,,,,,,,,,,,,,,,,
,,,PVCS,,,,,,,,,,,,,,,,,,,,,,
,,,TFS,,,,,,,,,,,,,,,,,,,,,,
,,,Changeman,,,,,,,,,,,,,,,,,,,,,,
,,,Endevor,,,,,,,,,,,,,,,,,,,,,,
,,,,,,,,,,,,,,,,,,,,,,,,,
,,,,,,,,,,,,,,,,,,,,,,,,,
,,,,,,,,,,,,,,,,,,,,,,,,,
,,,,,,,,,,,,,,,,,,,,,,,,,
,,,Other,,,,,,,,,,,,,,,,,,,,,,
,,IDE,,,,,,,,,,,,,,,,,,,,,,,
,,,Visual Studio 2008,,,,,,,,,,,,,,,,,,,,,,
,,,Visual Studio 2010,,,,,,,,,,,,,,,,,,,,,,
,,,Visual Studio 2012,,,,,,,,,,,,,,,,,,,,,,
,,,Eclipse,,,,,,,,,,,,,,,,,,,,,,
,,,CodeGear RAD Studio,,,,,,,,,,,,,,,,,,,,,,
,,,IntelliJ IDEA,,,,,,,,,,,,,,,,,,,,,,
,,,PyCharm,,,,,,,,,,,,,,,,,,,,,,
,,,Emacs,,,,,,,,,,,,,,,,,,,,,,
,,,Embarcadero RAD Studio,,,,,,,,,,,,,,,,,,,,,,
,,,Qt Creator,,,,,,,,,,,,,,,,,,,,,,
,,,XCode,,,,,,,,,,,,,,,,,,,,,,
,,,Eclipse,,,,,,,,,,,,,,,,,,,,,,
,,,NetBeans,,,,,,,,,,,,,,,,,,,,,,
,,,Sprint Tool Suite,,,,,,,,,,,,,,,,,,,,,,
,,,JDeveloper,,,,,,,,,,,,,,,,,,,,,,
,,,Other,,,,,,,,,,,,,,,,,,,,,,
,,Profiling,,,,,,,,,,,,,,,,,,,,,,,
,,,Intel Vtune,,,,,,,,,,,,,,,,,,,,,,
,,,TBD,,,,,,,,,,,,,,,,,,,,,,
,,Productivity,,,,,,,,,,,,,,,,,,,,,,,
,,,ReSharper,,,,,,,,,,,,,,,,,,,,,,
,,,VisualAssist,,,,,,,,,,,,,,,,,,,,,,
,,,FxCop,,,,,,,,,,,,,,,,,,,,,,
,,,StyleCop,,,,,,,,,,,,,,,,,,,,,,
,,,NDepend,,,,,,,,,,,,,,,,,,,,,,
,,,DevExpress,,,,,,,,,,,,,,,,,,,,,,
,,,Other,,,,,,,,,,,,,,,,,,,,,,
,,Build Automation,,,,,,,,,,,,,,,,,,,,,,,
,,,Hudson/Jenkins,,,,,,,,,,,,,,,,,,,,,,
,,,TFS,,,,,,,,,,,,,,,,,,,,,,
,,,Bamboo,,,,,,,,,,,,,,,,,,,,,,
,,,RTC,,,,,,,,,,,,,,,,,,,,,,
,,,Teamcity,,,,,,,,,,,,,,,,,,,,,,
,,,CruiseControl,,,,,,,,,,,,,,,,,,,,,,
,,,BuildBot,,,,,,,,,,,,,,,,,,,,,,
,,,Travis CI,,,,,,,,,,,,,,,,,,,,,,
,,,AnthillPro,,,,,,,,,,,,,,,,,,,,,,
,,,Automated BuildStudio,,,,,,,,,,,,,,,,,,,,,,
,,,Apache Continuum,,,,,,,,,,,,,,,,,,,,,,
,,,BuildIT,,,,,,,,,,,,,,,,,,,,,,
,,,Buildout,,,,,,,,,,,,,,,,,,,,,,
,,,CABIE,,,,,,,,,,,,,,,,,,,,,,
,,,Cascade,,,,,,,,,,,,,,,,,,,,,,
,,,FinalBuilder,,,,,,,,,,,,,,,,,,,,,,
,,,Other,,,,,,,,,,,,,,,,,,,,,,
,,BuildTool,,,,,,,,,,,,,,,,,,,,,,,
,,,Maven,,,,,,,,,,,,,,,,,,,,,,
,,,Ant,,,,,,,,,,,,,,,,,,,,,,
,,,Ivvy,,,,,,,,,,,,,,,,,,,,,,
,,,Gradle,,,,,,,,,,,,,,,,,,,,,,
,,,SBT,,,,,,,,,,,,,,,,,,,,,,
,,Code Analysis Tools,,,,,,,,,,,,,,,,,,,,,,,
,,,PVS-Studio / CppCat,,,,,,,,,,,,,,,,,,,,,,
,,,CppCheck,,,,,,,,,,,,,,,,,,,,,,
,,,CppDepend,,,,,,,,,,,,,,,,,,,,,,
,,,Lint / PC-Lint,,,,,,,,,,,,,,,,,,,,,,
,,,SonarCube,,,,,,,,,,,,,,,,,,,,,,
,,,FindBugs,,,,,,,,,,,,,,,,,,,,,,
,,,Checkstyle,,,,,,,,,,,,,,,,,,,,,,
,,,PMD,,,,,,,,,,,,,,,,,,,,,,
,,,Cobetura,,,,,,,,,,,,,,,,,,,,,,
,,,JDepend,,,,,,,,,,,,,,,,,,,,,,
,,,Coverity,,,,,,,,,,,,,,,,,,,,,,
,,,AgileJ StructureViews,,,,,,,,,,,,,,,,,,,,,,
,,,GrammaTech CodeSonar,,,,,,,,,,,,,,,,,,,,,,
,,,Jtest,,,,,,,,,,,,,,,,,,,,,,
,,,SemmleCode,,,,,,,,,,,,,,,,,,,,,,
,,,ObjectWeb ASM,,,,,,,,,,,,,,,,,,,,,,
,,,SonarJ,,,,,,,,,,,,,,,,,,,,,,
,,,Soot,,,,,,,,,,,,,,,,,,,,,,
,,,Squale,,,,,,,,,,,,,,,,,,,,,,
,,,SonarQube,,,,,,,,,,,,,,,,,,,,,,
,,,ThreadSafe,,,,,,,,,,,,,,,,,,,,,,
,,,LDRA Testbed,,,,,,,,,,,,,,,,,,,,,,
,,,Google CodePro Analytix,,,,,,,,,,,,,,,,,,,,,,
,,,Other,,,,,,,,,,,,,,,,,,,,,,
,,Other Development Tools,,,,,,,,,,,,,,,,,,,,,,,
,,,"-- debuggers, memory debuggers, merge tools, etc",,,,,,,,,,,,,,,,,,,,,,
,,Management and Planning,,,,,,,,,,,,,,,,,,,,,,,
,,,Basecamp,,,,,,,,,,,,,,,,,,,,,,
,,,JIRA,,,,,,,,,,,,,,,,,,,,,,
,,,Microsoft Project,,,,,,,,,,,,,,,,,,,,,,
,,,Microsoft SharePoint Server,,,,,,,,,,,,,,,,,,,,,,
,,,Microsoft Team Foundation Server,,,,,,,,,,,,,,,,,,,,,,
,,,Other,,,,,,,,,,,,,,,,,,,,,,
,,Agile/Scrum,,,,,,,,,,,,,,,,,,,,,,,
,,,Jira/Greenhopper,,,,,,,,,,,,,,,,,,,,,,
,,,Version One,,,,,,,,,,,,,,,,,,,,,,
,,,Microsoft TFS 2010,,,,,,,,,,,,,,,,,,,,,,
,,,Microsoft TFS 2012/2013,,,,,,,,,,,,,,,,,,,,,,
,,,Rally,,,,,,,,,,,,,,,,,,,,,,
,,,IBM Rational team Concert,,,,,,,,,,,,,,,,,,,,,,
,,,Target Process,,,,,,,,,,,,,,,,,,,,,,
,,,Other,,,,,,,,,,,,,,,,,,,,,,
,,Diagraming/Modelling,,,,,,,,,,,,,,,,,,,,,,,
,,,MS Visio,,,,,,,,,,,,,,,,,,,,,,
,,,BizAgi Process Modeler,,,,,,,,,,,,,,,,,,,,,,
,,,IBM Rational RequisitePro,,,,,,,,,,,,,,,,,,,,,,
,,,Altova UModel,,,,,,,,,,,,,,,,,,,,,,
,,,ERwin/BPwin,,,,,,,,,,,,,,,,,,,,,,
,,,Bonita BPM,,,,,,,,,,,,,,,,,,,,,,
,,,ARIS,,,,,,,,,,,,,,,,,,,,,,
,,,Other,,,,,,,,,,,,,,,,,,,,,,
,,,ADD FROM DEV,,,,,,,,,,,,,,,,,,,,,,
,,,,,,,,,,,,,,,,,,,,,,,,,
,,,,,,,,,,,,,,,,,,,,,,,,,
,,,,,,,,,,,,,,,,,,,,,,,,,
,,Prototyping/UI Design,,,,,,,,,,,,,,,,,,,,,,,
,,,,,,,,,,,,,,,,,,,,,,,,,
,,,,,,,,,,,,,,,,,,,,,,,,,
,,Requirements Management,,,,,,,,,,,,,,,,,,,,,,,
,,,IBM Rational DOORS,,,,,,,,,,,,,,,,,,,,,,
,,,Blueprint Requirements Center,,,,,,,,,,,,,,,,,,,,,,
,,,CaseComplete,,,,,,,,,,,,,,,,,,,,,,
,,,JAMA,,,,,,,,,,,,,,,,,,,,,,
,,,TIBCO ActiveMatrix,,,,,,,,,,,,,,,,,,,,,,
,,,Enterprise Architect,,,,,,,,,,,,,,,,,,,,,,
,,,CaliberRM,,,,,,,,,,,,,,,,,,,,,,
,,,Other,,,,,,,,,,,,,,,,,,,,,,
,,Other,,,,,,,,,,,,,,,,,,,,,,,
,,,,,,,,,,,,,,,,,,,,,,,,,
Domain (Vertical),,,,,,,,,,,,,,,,,,,,,,,,,
,Communications,,,,,,,,,,,,,,,,,,,,,,,,
,,OSS/BSS SW,,,,,,,,,,,,,,,,,,,,,,,
,,VAS/SDP SW,,,,,,,,,,,,,,,,,,,,,,,
,,VoIP/UC SW,,,,,,,,,,,,,,,,,,,,,,,
,,DTV/IPTV SW,,,,,,,,,,,,,,,,,,,,,,,
,,M2M SW,,,,,,,,,,,,,,,,,,,,,,,
,,Wireless NE,,,,,,,,,,,,,,,,,,,,,,,
,,Wireline NE,,,,,,,,,,,,,,,,,,,,,,,
,,Mobile Devices,,,,,,,,,,,,,,,,,,,,,,,
,,Comm Modules,,,,,,,,,,,,,,,,,,,,,,,
,,Semiconductors,,,,,,,,,,,,,,,,,,,,,,,
,,Wireless Service,,,,,,,,,,,,,,,,,,,,,,,
,,Wireline Service,,,,,,,,,,,,,,,,,,,,,,,
,,Hosting Service,,,,,,,,,,,,,,,,,,,,,,,
,,TV Service,,,,,,,,,,,,,,,,,,,,,,,
,,OTHER,,,,,,,,,,,,,,,,,,,,,,,
,High Tech,,,,,,,,,,,,,,,,,,,,,,,,
,,Productivity,,,,,,,,,,,,,,,,,,,,,,,
,,IT Management,,,,,,,,,,,,,,,,,,,,,,,
,,Security Management Software,,,,,,,,,,,,,,,,,,,,,,,
,,SCM,,,,,,,,,,,,,,,,,,,,,,,
,,CRM,,,,,,,,,,,,,,,,,,,,,,,
,,BPM,,,,,,,,,,,,,,,,,,,,,,,
,,ERP,,,,,,,,,,,,,,,,,,,,,,,
,,BI/Analytics,,,,,,,,,,,,,,,,,,,,,,,
,,Collaboration,,,,,,,,,,,,,,,,,,,,,,,
,,Computer HW and Peripherals,,,,,,,,,,,,,,,,,,,,,,,
,,Application Development and Deployment Tools,,,,,,,,,,,,,,,,,,,,,,,
,,System Infrastructure Software,,,,,,,,,,,,,,,,,,,,,,,
,,Cloud Infrastructure,,,,,,,,,,,,,,,,,,,,,,,
,,OTHER,,,,,,,,,,,,,,,,,,,,,,,
,Retail & eCommerce,,,,,,,,,,,,,,,,,,,,,,,,
,,Payment Systems,,,,,,,,,,,,,,,,,,,,,,,
,,Operational SW,,,,,,,,,,,,,,,,,,,,,,,
,,eCommerce Platforms,,,,,,,,,,,,,,,,,,,,,,,
,,OTHER,,,,,,,,,,,,,,,,,,,,,,,
,Media & Entertainment,,,,,,,,,,,,,,,,,,,,,,,,
,,Content Creation,,,,,,,,,,,,,,,,,,,,,,,
,,Gaming,,,,,,,,,,,,,,,,,,,,,,,
,,Content Management,,,,,,,,,,,,,,,,,,,,,,,
,,Media Delivery & Consumption,,,,,,,,,,,,,,,,,,,,,,,
,,Social Networking Platforms,,,,,,,,,,,,,,,,,,,,,,,
,,Consumer Electronics,,,,,,,,,,,,,,,,,,,,,,,
,,Digital Advertising,,,,,,,,,,,,,,,,,,,,,,,
,,OTHER,,,,,,,,,,,,,,,,,,,,,,,
,Finance,,,,,,,,,,,,,,,,,,,,,,,,
,,Banking,,,,,,,,,,,,,,,,,,,,,,,
,,Payment Cards,,,,,,,,,,,,,,,,,,,,,,,
,,Investment Management,,,,,,,,,,,,,,,,,,,,,,,
,,Investment Banking,,,,,,,,,,,,,,,,,,,,,,,
,,Retail Brokerage,,,,,,,,,,,,,,,,,,,,,,,
,,Insurance,,,,,,,,,,,,,,,,,,,,,,,
,,Employee Benefits,,,,,,,,,,,,,,,,,,,,,,,
,,PFM,,,,,,,,,,,,,,,,,,,,,,,
,,OTHER,,,,,,,,,,,,,,,,,,,,,,,
,Healthcare,,,,,,,,,,,,,,,,,,,,,,,,
,,Monitoring,,,,,,,,,,,,,,,,,,,,,,,
,,Imaging,,,,,,,,,,,,,,,,,,,,,,,
,,Therapy,,,,,,,,,,,,,,,,,,,,,,,
,,Laboratory,,,,,,,,,,,,,,,,,,,,,,,
,,Automated dispensing machines,,,,,,,,,,,,,,,,,,,,,,,
,,EHR,,,,,,,,,,,,,,,,,,,,,,,
,,Interoperability,,,,,,,,,,,,,,,,,,,,,,,
,,CIS (Clinical Info Systems),,,,,,,,,,,,,,,,,,,,,,,
,,Clinical Decision Support & Ref,,,,,,,,,,,,,,,,,,,,,,,
,,Revenue Cycle Management,,,,,,,,,,,,,,,,,,,,,,,
,,Process Management,,,,,,,,,,,,,,,,,,,,,,,
,,Compliance & Regulatory SW,,,,,,,,,,,,,,,,,,,,,,,
,,Asset Management,,,,,,,,,,,,,,,,,,,,,,,
,,OTHER,,,,,,,,,,,,,,,,,,,,,,,
,Other,,,,,,,,,,,,,,,,,,,,,,,,
,,Airspace,,,,,,,,,,,,,,,,,,,,,,,
,,Geoinformatics,,,,,,,,,,,,,,,,,,,,,,,
,,Heavy Industry,,,,,,,,,,,,,,,,,,,,,,,
,,Jurisprudence,,,,,,,,,,,,,,,,,,,,,,,
,,Military,,,,,,,,,,,,,,,,,,,,,,,
,,Other,,,,,,,,,,,,,,,,,,,,,,,
,,,,,,,,,,,,,,,,,,,,,,,,,
,,,,,,,,,,,,,,,,,,,,,,,,,
